snippet_id,stackoverflow,chatgpt,chatgpt2025,deepseek,Gemini
2,1,1,2,2,1
3,2,3,1,2,2
4,3,1,1,1,1
5,1,1,1,1,1
6,1,1,1,1,1
8,2,3,2,1,1
9,1,1,3,1,2
10,1,1,1,1,1
11,3,1,1,1,2
12,1,1,2,1,1
13,1,1,3,2,3
14,1,1,1,1,1
15,2,3,2,1,1
16,1,1,1,1,1
17,1,1,1,1,1
18,1,1,2,1,1
19,1,1,1,1,1
20,1,1,1,1,1
23,1,1,1,1,1
25,1,1,1,1,1
26,1,1,1,2,1
27,1,1,1,1,1
28,1,1,3,1,2
29,1,1,1,1,1
30,1,1,1,1,1
31,1,1,1,1,1
32,1,2,1,1,2
33,1,1,1,1,1
34,1,1,1,1,1
35,2,2,1,2,1
36,1,1,1,1,1
37,1,1,1,1,1
38,1,3,1,1,3
39,1,3,2,1,2
40,1,1,1,1,1
41,3,1,2,1,2
42,1,1,1,1,1
43,1,1,1,1,1
44,3,2,3,2,1
45,2,1,2,2,2
46,1,1,1,1,1
47,1,1,1,1,1
48,1,1,1,1,1
49,2,1,1,2,2
50,1,2,1,1,1
51,2,2,3,3,3
52,1,1,1,1,1
53,2,2,2,3,3
55,1,2,1,1,1
56,1,1,3,2,1
57,1,1,1,1,1
58,2,3,2,3,2
59,1,1,1,1,2
60,3,3,3,2,3
61,1,1,1,1,1
62,3,3,3,3,3
63,1,1,1,2,3
64,2,1,1,1,3
65,2,3,2,2,2
66,3,1,1,1,1
67,2,1,1,1,2
68,1,1,1,1,1
69,1,1,2,2,3
70,1,1,1,1,1
71,2,1,1,1,2
72,1,1,1,1,1
74,1,2,1,1,1
75,1,1,2,1,1
76,1,1,1,1,1
79,1,1,1,1,1
80,3,2,1,1,2
81,1,1,1,1,3
82,1,1,1,3,1
83,1,1,1,1,1
84,2,1,1,1,1
85,1,1,1,1,2
86,1,1,1,1,1
87,1,1,1,1,1
88,2,1,1,1,1
89,1,2,1,2,3
90,1,1,1,1,1
91,1,2,1,2,1
92,1,2,1,2,1
93,1,1,1,1,1
94,1,1,1,1,1
95,3,1,1,1,1
96,1,1,1,1,1
97,3,1,1,3,1
98,1,1,1,1,1
99,1,1,1,1,1
100,2,3,3,3,3
101,1,1,1,1,3
103,1,1,1,1,1
104,1,1,1,1,2
105,1,1,1,1,1
106,1,1,1,1,1
108,1,3,1,1,1
109,2,1,1,2,2
110,1,1,1,1,1
111,1,1,1,1,1
112,1,1,1,1,1
113,1,1,1,1,1
114,3,1,2,2,3
115,3,1,1,2,3
118,1,2,1,2,1
119,1,1,1,1,1
120,1,1,1,1,3
121,1,1,1,1,1
122,2,1,1,1,1
123,3,2,1,1,1
124,2,1,1,1,1
125,1,1,1,1,1
126,1,1,1,1,1
127,3,2,2,1,2
128,1,2,1,1,1
129,1,2,1,2,3
130,1,1,1,1,1
131,1,1,1,1,1
133,1,1,1,1,1
134,1,1,1,1,1
135,3,1,1,1,3
136,1,1,1,1,1
137,1,1,1,1,1
138,1,1,1,1,1
139,2,1,1,2,1
140,1,1,1,1,2
141,1,2,1,1,1
142,1,2,1,2,2
143,1,1,1,1,2
144,1,1,1,1,1
145,1,1,1,1,1
146,3,2,1,1,1
147,1,3,1,1,2
148,1,1,1,1,1
149,1,1,1,3,2
150,1,2,1,2,1
151,3,1,1,1,1
152,1,1,1,1,1
153,1,1,1,1,3
154,1,1,1,1,1
155,1,2,1,1,1
156,1,1,1,1,1
157,1,1,1,1,1
158,1,1,1,1,1
159,1,1,1,1,1
160,3,1,1,1,2
161,1,1,1,1,1
162,1,1,1,1,1
163,1,1,1,1,1
164,1,1,1,1,1
165,1,1,1,1,1
167,1,1,1,1,1
168,1,1,1,1,1
169,1,1,1,1,1
170,1,1,1,2,1
171,1,2,1,1,1
172,3,1,1,1,1
173,1,1,1,1,1
174,1,1,2,1,1
175,1,1,1,1,1
176,3,1,2,1,3
177,3,1,1,1,3
178,1,1,1,1,1
179,3,1,1,1,1
180,1,2,2,1,2
181,1,1,1,1,1
182,1,1,1,1,1
183,1,1,1,1,1
185,3,2,2,3,2
186,1,1,1,1,1
187,1,2,1,2,1
188,1,1,1,1,1
189,2,1,1,1,2
190,1,1,1,1,1
191,1,1,1,1,1
192,1,1,1,1,1
193,3,2,2,1,1
194,3,1,1,1,3
195,1,1,1,1,1
196,1,1,1,1,1
197,1,1,1,1,1
198,1,1,1,1,1
199,1,1,1,1,1
200,2,1,1,1,2
201,1,1,1,1,1
202,2,3,1,3,3
203,1,3,1,2,1
204,1,1,1,1,1
205,1,3,2,3,1
206,3,2,2,1,1
207,1,2,1,1,1
208,3,1,1,1,3
209,1,3,1,2,1
210,2,3,1,1,2
212,2,1,1,1,1
213,1,1,1,1,1
214,1,1,1,1,1
215,2,3,3,3,1
216,2,1,1,1,1
217,2,1,1,2,3
218,1,1,1,1,1
219,1,2,1,1,2
220,1,1,1,1,1
221,2,1,2,1,1
222,1,1,1,1,1
223,2,1,1,3,2
224,3,3,1,1,1
225,1,1,3,1,2
226,3,3,2,3,1
227,1,1,1,1,1
228,1,1,1,1,1
229,2,1,1,1,1
231,1,1,1,1,1
232,1,3,1,3,1
233,1,2,1,1,1
235,1,1,1,1,1
236,2,1,1,1,1
237,1,1,1,1,1
238,1,3,1,1,1
240,1,2,1,1,1
241,1,1,1,1,1
242,1,1,1,1,1
243,2,2,1,1,1
244,1,1,1,1,1
245,3,3,1,1,1
246,1,1,1,2,1
247,1,1,1,1,1
248,1,1,1,1,1
249,1,1,1,1,1
250,1,1,1,1,1
251,1,1,1,1,1
252,3,3,2,3,3
253,1,1,1,1,1
254,1,1,1,1,1
256,1,2,1,1,1
257,1,2,1,1,1
258,2,2,1,2,1
259,1,1,1,1,1
260,2,3,1,2,1
261,1,2,1,1,1
262,2,2,2,2,2
263,2,2,1,2,1
264,2,1,1,1,1
265,1,1,1,1,1
266,2,2,3,1,1
267,3,1,1,1,1
268,1,1,1,1,1
269,1,1,1,1,3
271,1,1,1,1,2
272,3,1,1,2,1
273,3,1,1,1,1
274,1,1,1,2,1
276,1,1,1,1,1
277,2,1,1,1,1
278,3,1,1,1,1
279,1,2,1,1,1
281,1,1,1,1,1
283,1,2,3,1,1
284,1,3,3,3,3
285,2,3,3,3,3
286,1,1,1,1,1
287,1,1,1,1,1
288,3,1,1,1,1
290,1,1,1,1,1
291,1,1,1,1,1
293,1,1,1,1,1
294,2,1,2,2,3
295,1,2,2,1,1
296,1,1,2,3,1
297,1,1,1,1,1
298,3,1,1,1,1
299,1,1,1,1,1
300,1,1,1,1,1
301,1,1,1,1,1
302,1,3,1,1,1
303,1,1,1,1,1
304,2,1,1,1,2
305,2,1,1,1,2
306,3,1,1,1,1
307,1,1,1,1,2
308,1,1,1,1,1
309,1,2,1,1,1
310,1,1,1,1,1
311,2,1,3,3,1
312,3,1,1,1,2
313,1,1,1,1,1
314,2,1,2,3,3
316,2,1,1,1,1
317,2,2,1,3,2
318,1,1,1,1,1
319,1,3,1,1,2
320,1,2,1,1,2
321,3,3,1,2,2
323,2,1,1,2,3
324,1,1,1,1,3
325,1,1,1,1,1
326,1,1,2,1,1
327,3,1,1,1,1
328,2,1,1,1,2
329,1,1,1,1,2
330,1,1,1,1,2
331,2,1,1,1,2
333,3,1,1,1,1
334,1,1,1,1,1
335,1,1,1,1,2
336,1,1,1,2,2
337,2,1,1,1,1
338,2,3,1,3,1
339,3,1,1,1,1
340,1,1,1,1,1
341,1,2,1,2,1
342,1,2,2,3,3
343,1,1,1,1,1
344,2,3,2,1,1
345,1,1,1,1,1
346,1,1,1,1,1
347,2,2,1,1,1
348,2,3,2,2,1
349,1,1,1,1,2
350,1,1,1,1,1
351,2,2,2,1,1
352,3,1,1,2,1
353,2,1,1,1,1
354,1,1,1,1,3
355,1,1,1,1,1
356,2,1,1,1,1
357,1,1,1,1,1
