querytext,processedquerytext,date,numberofcomposedanswers,java_related,likertvalue,postsids
How to add an element to an array,add element array,2019-08-14 19:55:09.965,5,duplicated,5,7514938 12949821 16437891 11638153 29172210 
Java load file from classpath,java load file classpath,2019-08-14 11:53:04.267,5,,5,11310805 12024698 35728116 4360001 22836004 
can we add multiple base packages to spring component scanning,add multiple base packages spring component scanning,2019-08-14 12:16:20.289,5,,5,5269527 22718139 38222640 8250801 40779960 
how to reverse a list,reverse list,2019-08-14 12:40:00.549,5,,5,38800084 18073639 45068373 18084742 14988032 
convert string to integer,convert string integer,2019-08-20 17:16:57.765,5,duplicated,5,19103110 19103118 9321599 19103098 43177248 
convert string to integer,convert string integer,2019-08-20 17:16:57.765,5,duplicated,5,19103110 19103118 9321599 19103098 43177248 
How to reverse an array,reverse array,2019-08-20 17:38:20.832,5,duplicated,5,2137766 41053380 8975579 34172032 32032464 
Create a class,,2019-08-20 22:37:55.64,5,duplicated,5,4816925 24612173 4321398 25412991 15942017 
how to convert timezone,convert timezone,2019-08-20 22:01:03.303,10,duplicated,5,32112029 17431433 6567963 24749842 23534100 12636331 30633373 29054122 37328723 
Print to console,,2019-08-21 04:13:21.788,5,duplicated,5,14234537 15335051 10941793 10941792 31054610 
Get first element of array,get first element array,2019-08-21 03:42:21.888,5,duplicated,5,39860831 26057239 20361913 2503420 2503368 
how to remove an element from array,remove element array,2019-08-21 04:13:51.695,1,duplicated,5,11727522 
how to remove element from list,remove element list,2019-08-21 06:07:07.048,5,duplicated,5,13565951 21795443 17123408 6835620 26242246 
How to split array,split array,2019-08-21 06:34:51.015,5,duplicated,5,12969483 14785527 49729327 8162114 46038561 
How to create a function,create function,2019-08-21 06:47:08.286,1,duplicated,5,8710595 
how do I create a function,create function,2019-08-21 06:56:10.923,1,duplicated,5,8710595 
OutOfMemory,,2019-08-17 03:57:43.84,5,not_java,5,17051396 43866264 13018318 33185265 8703126 
OutOfMemory,,2019-08-17 03:57:43.84,5,not_java,5,17051396 43866264 13018318 33185265 8703126 
pandas sort array,,2019-08-18 23:47:56.247,5,not_java,5,44065904 40823973 44067550 19776557 44065894 
Loop,,2019-08-19 13:29:34.221,5,not_java,5,36994101 37304888 41865340 6347879 11555519 
oom,,2019-08-20 07:05:59.72,5,not_java,5,4146106 14354008 4146030 37099108 41613244 
printstream,,2019-08-21 05:51:08.845,5,not_java,5,507546 1760673 8080689 10670634 35763587 
dockerfile for nodejs,,2019-09-08 19:07:54.914,10,not_java,5,35266364 25367884 45984993 46465705 42393001 41804479 36639369 27225366 6201152 27388789 
How can I use python libraries?,use python libraries,2019-08-14 18:30:46.925,10,not_java,5,1164847 1166065 11507833 1164841 1164837 48267024 6797027 13262969 22695678 15493791 
How to reverse an array in python,reverse array python,2019-08-17 11:58:02.074,1,not_java,5,2137766 
how to quit a C# program?,quit program,2019-08-15 08:41:11.946,5,not_java,5,7107555 32216430 23194722 6923995 33491050 
websocket,,2019-08-14 15:48:11.324,5,not_java,5,26467775 26454417 36152757 10205093 30120396 
yeet,,2019-08-17 21:34:44.564,5,not_java,5,39191131 39191165 39574749 39191174 48311796 
java,,2019-08-19 05:26:02.942,5,not_java,5,10858348 20291950 38160670 2306982 1824716 
sql,,2019-08-19 08:06:00.284,5,not_java,5,36183854 34767962 2367825 34746933 22550881 
Task,,2019-08-19 18:25:11.764,5,not_java,5,12018148 2125015 24022513 2125023 47327334 
split,,2019-08-19 23:09:06.516,5,not_java,5,23751647 43322346 12597523 20492063 12217722 
split,,2019-08-19 23:09:06.516,5,not_java,5,23751647 43322346 12597523 20492063 12217722 
polymorphism,,2019-08-20 12:49:21.898,5,not_java,5,43417234 49897215 18712853 31039953 18712841 
Final,,2019-08-20 17:02:44.152,5,not_java,5,25504001 34137804 12335925 25503994 8766485 
Constant,,2019-08-20 17:06:21.623,5,not_java,5,9083023 3827488 12281172 23232576 33663785 
Sorting,,2019-08-20 16:53:46.936,5,not_java,5,19382646 10808204 29309999 3279641 11037729 
Sorting,,2019-08-20 16:53:46.936,5,not_java,5,19382646 10808204 29309999 3279641 11037729 
Threads,,2019-08-21 01:12:57.78,10,not_java,5,6386272 5241430 8823450 3365422 8223839 4888685 35837962 1611830 6386260 
Threads,,2019-08-21 01:12:57.78,10,not_java,5,6386272 5241430 8823450 3365422 8223839 4888685 35837962 1611830 6386260 
foreach,,2019-08-21 19:46:44.023,5,not_java,5,29712030 34557426 43026737 34557516 38029627 
invoke,,2019-08-22 00:26:24.689,10,not_java,5,15109868 10088012 9047300 11452193 16793726 31718879 13611283 34764030 15109817 8844025 
nullPointException,,2019-08-22 00:49:33.265,10,not_java,5,19921140 14776301 13131386 35987046 13131376 12207468 22433627 10752163 13062257 14776274 
concatenate,,2019-09-05 13:36:40.589,10,not_java,5,17235840 35644035 18350255 4552278 5497557 40855217 96892 23188881 3753880 10597576 
Script,,2019-09-11 22:50:11.788,10,not_java,5,8784263 20255551 18764307 47018946 3990829 1601806 6925424 10745278 17916175 30739700 
Threads,,2019-09-30 12:35:50.875,10,not_java,5,6386272 3363125 37858638 46078379 5241430 8823450 3365422 2868022 3362606 15267830 
PopupWindow,,2019-11-28 02:08:37.89,10,not_java,5,19972156 34432769 7300189 32778711 46707823 9578232 37168489 7161140 21755329 36331398 
get ip from rest call,get ip rest call,2019-08-21 21:11:23.22,10,duplicated,5,44098402 12521352 6489655 21795720 13307975 29018706 15038434 36898151 2845293 3825185 
jdbctemplate query null,,2019-09-02 03:03:12.091,10,duplicated,5,17435072 10612703 17611061 20235962 31406778 36595072 26033509 22005648 17434972 38826162 
how to read a file,read file,2019-08-30 01:04:03.186,10,duplicated,5,14169760 25028936 20227939 12961553 14089521 16372725 31539406 5516401 40357249 13569853 
sorting array,,2019-09-13 06:16:33.665,10,duplicated,5,14483005 50023147 19382646 9561117 18232953 36188815 3279641 35718576 11843077 19912896 
add element to array,add element array,2019-09-05 09:49:16.687,10,duplicated,5,7514938 12949821 16437891 11638153 29172210 20278861 20893108 34321584 28549544 9550884 
convert string to datetime,convert string datetime,2019-09-10 10:22:37.04,10,duplicated,5,6252794 27034046 6252782 18823962 15813514 26564246 28934611 21840704 6252739 18378681 
How to remove an element from an array,remove element array,2019-09-30 17:36:44.74,10,duplicated,5,11727522 3663949 10714351 25731624 11727508 19233594 11094123 13740035 5935223 21764671 
How to create a hashmap,create hashmap,2019-10-10 04:24:53.746,10,duplicated,5,39945324 4234996 12134901 4234999 49541655 30859349 40121426 20412403 4234993 29715793 
leap year,,2019-10-24 20:25:16.247,10,duplicated,5,25617941 28557011 18607741 37571983 37380349 7388060 7395759 42593611 41879545 30815621 
java find string position,java find string position,2019-11-28 18:29:08.982,5,duplicated,5,4023203 48934694 18844998 48931982 23361641 
How to remove duplicates from array?,remove duplicates array,2019-08-14 13:48:37.861,5,duplicated,5,24134518 20065200 17967206 38323180 17627369 
add to end of array,add end array,2019-08-14 14:36:56.903,5,,5,28549580 28549544 29137349 11863676 7190784 
How to escape characters in json,escape characters json,2019-08-14 14:48:29.037,5,,5,11610833 28386351 18898970 46060864 9359733 
How to get all the keys in a dictionary?,get keys dictionary,2019-08-14 14:49:54.753,5,,5,18280416 33273482 18280432 31950580 18280423 
how to convert a Integer stream to int array,convert integer stream int array,2019-08-14 15:00:07.028,5,,5,44378379 23945015 40306146 31394772 32529244 
how to insert an element array in a given position,insert element array given position,2019-08-14 14:35:00.163,5,duplicated,5,20076498 27906868 48635819 26777594 49483672 
Count all characters in the text and return top 5 characters,count characters text top characters,2019-08-14 16:02:19.162,5,,5,29306300 491319 10347005 22686364 29306174 
How to declare a recursive tree data structure,declare recursive tree data structure,2019-08-14 16:51:46.924,5,,5,22463828 4903953 20140215 19338066 30780195 
Convert string to a number,convert string number,2019-08-14 17:36:37.897,5,,5,46227128 19103110 19103118 40700694 39011912 
Convert string to a number,convert string number,2019-08-14 17:36:37.897,5,,5,46227128 19103110 19103118 40700694 39011912 
Convert string to a number,convert string number,2019-08-14 17:36:37.897,5,,5,46227128 19103110 19103118 40700694 39011912 
How would you read a file?,read file,2019-08-14 17:59:16.925,5,,5,14169760 25028936 20227939 12961553 14089521 
how to make the computer call the police on me,make computer call police,2019-08-14 18:15:09.068,5,,5,46397686 8626969 17367438 39489090 4483454 
regex to remove numbers,regex remove numbers,2019-08-14 19:29:03.326,5,,5,1375525 23561058 40358633 6239074 25451511 
how to perform base64 encoding,perform base64 encoding,2019-08-14 20:07:08.921,5,,5,25376572 18016462 24080514 36059652 11438153 
what is the difference between inheritance and extension,difference inheritance extension,2019-08-14 21:26:57.574,5,,5,7553312 22478748 6308243 2399574 30618098 
hashtable and hashmap difference,hashtable hashmap difference,2019-08-14 22:33:49.458,5,,5,22491742 28228281 24583680 10973553 14452144 
Get parent class name,get parent class name,2019-08-15 00:20:14.478,5,,5,20758642 20758624 15809184 4705704 11452851 
how to read an array from properties file in spring mvc,read array properties file spring mvc,2019-08-15 10:03:04.212,5,,5,35799228 16322197 19763804 35799136 35740556 
how to execute rxjava delay on current thread,execute rxjava delay current thread,2019-08-15 10:23:37.123,5,,5,42146679 35725897 38431584 38233943 47347668 
How to command line output from a java program,command line output java program,2019-08-15 19:33:30.537,5,,5,11650349 11693878 10441088 32224076 21120427 
convert number to string,convert number string,2019-08-15 22:09:31.712,5,,5,46227128 39011912 
How to convert string of int to int,convert string int int,2019-08-16 11:42:36.504,5,,5,46227128 5585800 16771386 
how to provide a comparator to a stream sorted() method,provide comparator stream sorted method,2019-08-16 12:41:49.542,5,,5,33045466 41128993 45702120 45574628 43487432 
how to remove characters from a string,remove characters string,2019-08-16 14:01:47.72,5,,5,4430205 25720464 3756683 35720694 46428697 
how to deserialize json string to object,deserialize json string object,2019-08-18 11:50:55.33,5,,5,30352315 38036283 24190290 5631816 20153790 
how to create a service to watch for dirfectory changes,create service watch dirfectory changes,2019-08-18 21:47:14.794,5,,5,10231381 42093973 43950969 43613445 12583696 
javax json jsonarray add json object,javax json jsonarray add json object,2019-08-19 08:30:36.562,5,,5,23871422 36189562 23191267 4784911 36919032 
javax json jsonarray add json object,javax json jsonarray add json object,2019-08-19 08:30:36.562,5,,5,23871422 36189562 23191267 4784911 36919032 
find the shortest path between two points,find shortest path two points,2019-08-19 10:11:03.251,5,,5,17480244 25396058 13979023 8793447 20597801 
How to split a string into an array,split string array,2019-08-15 02:39:42.864,5,duplicated,5,12969483 49729327 5235424 14785527 46038561 
how to select a node in xml in java,select node xml java,2019-08-19 12:31:57.499,5,,5,33624696 18901602 17643786 27498584 22788290 
How to print a string,print string,2019-08-19 15:20:28.898,5,,5,19455522 19455527 33312763 35717009 13081097 
How to remove an element from an array,remove element array,2019-08-15 07:47:15.78,5,duplicated,5,11727522 3663949 10714351 25731624 11727508 
How to concatenate strings?,concatenate strings,2019-08-19 20:12:50.829,5,duplicated,5,43317476 3753880 3753876 3753895 24839780 
How to reverse a string,reverse string,2019-08-15 08:48:50.667,5,duplicated,5,12305723 20393516 12305682 
find the matching lines from two different arrays,find matching lines two different arrays,2019-08-15 09:20:36.523,10,duplicated,5,32539020 44937667 32539073 32539288 32539056 
read file and write file,read file write file,2019-08-19 22:03:09.668,5,,5,5516401 6928784 16372725 31539406 18522429 
how to remove duplicate from an sorted array,remove duplicate sorted array,2019-08-20 01:50:29.702,5,,5,24610428 8952683 986026 985861 36590695 
How to declare global variables,declare global variables,2019-08-20 04:16:51.076,5,,5,8201792 12862950 8201832 29682977 13578806 
how to decline a new BigDecimal in Java,decline new bigdecimal java,2019-08-20 06:15:32.188,5,,5,42602394 12026783 1846921 20444631 460881 
How to convert a integer into a string,convert integer string,2019-08-20 11:19:17.149,5,,5,19103110 19103118 9321599 19103098 43177248 
How to split string,split string,2019-08-20 12:19:08.65,5,duplicated,5,4721778 7787413 
How to split string,split string,2019-08-20 12:19:08.65,5,duplicated,5,4721778 7787413 
how to use linked list?,use linked list,2019-08-20 13:01:33.819,5,,5,12432 3742236 14875899 18676875 1103617 
How to create new instance of generic parameter,create new instance generic parameter,2019-08-20 16:08:23.948,5,,5,6565598 30669797 26730827 46151602 18255413 
how to create a custom exception,create custom exception,2019-08-20 19:35:19.946,5,duplicated,5,8423735 8423728 8423738 8423747 33338504 
how to sort an array,sort array,2019-08-16 03:43:20.708,5,duplicated,5,17289207 44622440 35660201 1694770 19776557 
swap2number without using third variable,swap2number without using third variable,2019-08-21 07:18:35.231,5,,5,18528928 24278096 35038578 19218009 19218289 
how to swap number without using temporary space,swap number without using temporary space,2019-08-21 07:22:23.871,5,,5,35192232 18912509 18912483 34571152 
reverse a linked list?,reverse linked list,2019-08-16 11:29:02.275,5,duplicated,5,37707171 31410764 26830481 25945216 36750819 
sort list of objects by key,sort list objects key,2019-08-28 07:34:47.369,10,,5,5244534 5244612 5187967 14093911 3074324 41312337 8036545 16984952 44531610 15270339 
how to specify a certificate to use in an HTTPS request?,specify certificate use https request,2019-08-29 12:45:18.62,10,,5,3183243 46495275 36218961 8505427 26781595 9913910 4606289 9164493 19171380 2916929 
how to delete a file,delete file,2019-08-16 22:20:25.243,5,duplicated,5,46122827 5362085 23327129 4485772 38205153 
create a stream from an array,create stream array,2019-09-07 20:09:30.099,10,,5,40306146 40933409 27888452 27888447 27888481 42275131 48625836 35239183 29177040 29029173 
How to reverse an array in java,reverse array java,2019-09-19 10:13:57.425,10,,5,2137766 41053380 32032464 8975579 34172032 37698533 46756353 19925680 45616886 28246317 
How to acces private field of different class,acces private field different class,2019-09-19 16:07:42.866,10,,5,3585132 16083394 3567409 3567761 3567901 19277731 23046150 16490552 968946 3567968 
How to acces private field of different class,acces private field different class,2019-09-19 16:07:42.866,10,,5,3585132 16083394 3567409 3567761 3567901 19277731 23046150 16490552 968946 3567968 
cannot fetch multiple bags simultaneously,fetch multiple bags simultaneously,2019-12-03 16:39:00.651,10,,5,31503313 5865605 37283192 24676806 8309458 2674674 24675918 14281761 5507198 33150111 
cannot fetch multiple bags simultaneously,fetch multiple bags simultaneously,2019-12-03 16:39:00.651,10,,5,31503313 5865605 37283192 24676806 8309458 2674674 24675918 14281761 5507198 33150111 
cannot fetch multiple bags simultaneously,fetch multiple bags simultaneously,2019-12-03 16:39:00.651,10,,5,31503313 5865605 37283192 24676806 8309458 2674674 24675918 14281761 5507198 33150111 
how to kill thread in java,kill thread java,2019-12-12 14:14:12.691,10,,5,25407559 4556508 38776069 671058 7370265 671053 16653890 8180784 27202194 18224358 
how to remove an element from an array,remove element array,2019-08-19 06:09:52.028,5,duplicated,5,11727522 3663949 10714351 25731624 11727508 
How to send a GET request,send get request,2019-08-19 11:52:33.497,10,duplicated,5,13388155 13366480 14016308 11939695 36386594 17232668 17671390 11576137 5021102 31302480 
spring boot default encoding,spring boot default encoding,2019-08-19 16:04:55.315,5,duplicated,5,28036077 46379354 48952844 48561326 48880210 
how to convert string to int in python,convert string int python,2019-08-19 08:34:03.202,5,not_java,5,17874756 17874785 17874786 42038410 14445758 
how to insert an element array in a given position,insert element array given position,2019-08-21 16:58:22.501,5,duplicated,5,27906868 8719442 11638153 7970968 15365427 
remove duplicate elements from array,remove duplicate elements array,2019-08-30 04:30:14.487,5,duplicated,5,10370766 10366918 34825978 20395952 44558209 
remove duplicate elements from array,remove duplicate elements array,2019-08-30 04:30:14.487,5,duplicated,5,10370766 10366918 34825978 20395952 44558209 
how to remove a element from array,remove element array,2019-09-04 09:21:24.146,10,duplicated,5,11727522 3663949 10714351 25731624 11727508 19233594 11094123 13740035 5935223 21764671 
Move mouse,,2019-08-14 14:23:05.543,5,,5,17051150 31392098 8716820 16599275 18170408 
How to add to the beginning of an array,add beginning array,2019-08-14 14:31:23.106,5,,5,14256403 12949821 14256134 14256767 12950161 
How to remove an element from an Array?,remove element array,2019-08-14 14:39:23.559,5,duplicated,5,11727522 3663949 10714351 25731624 11727508 
Static meabing,,2019-08-14 14:38:24.49,10,,5,6202380 7486055 39955045 8628557 31242987 28177132 
Static meabing,,2019-08-14 14:38:24.49,10,,5,6202380 7486055 39955045 8628557 31242987 28177132 
sort ip addresses,,2019-08-14 14:39:36.864,5,,5,34394740 20714277 14364233 1246872 36188005 
How to iterate over elements in an ArrayList?,iterate elements arraylist,2019-08-14 14:43:57.452,5,,5,15865366 4644183 45915002 6074913 29453645 
instantiate through reflection,,2019-08-14 15:24:01.585,5,,5,17214019 4354879 3036801 14681024 14112345 
how to get context in a static method on android,get context static method android,2019-08-14 15:32:25.534,5,,5,22930678 22930648 22930670 12797401 4391811 
how to insert an element array in a given position,insert element array given position,2019-08-14 14:34:04.195,5,duplicated,5,20076498 27906868 48635819 26777594 49483672 
How to flatten an array,flatten array,2019-08-14 15:39:53.19,5,duplicated,5,28305591 14774529 47224972 39344883 30951101 
How to build rest service in java,build rest service java,2019-08-14 15:53:59.89,5,,5,37739328 29233256 8253712 16768226 10668093 
protect xxe,,2019-08-14 16:26:58.14,5,,5,25250354 40649677 32485669 31651477 31312335 
remove element from array,remove element array,2019-08-14 15:04:00.595,1,duplicated,5,11727522 
White HTTP post request,white http post request,2019-08-14 17:08:52.728,5,,5,13173342 6777999 28362838 44576355 20302567 
How to remove an element from an array,remove element array,2019-08-14 15:35:17.248,5,duplicated,5,11727522 3663949 10714351 25731624 11727508 
how to sort characters in a string,sort characters string,2019-08-14 17:40:05.656,5,,5,43070981 28887168 35525878 
string concatenation,,2019-08-14 17:50:19.6,5,,5,2087703 18706622 20362065 26502023 1859590 
string concatenation,,2019-08-14 17:50:19.6,5,,5,2087703 18706622 20362065 26502023 1859590 
turn char array into string,turn char array string,2019-08-14 17:50:40.983,5,,5,29439599 2431737 7307017 6702963 19305043 
inputstream to string,,2019-08-14 18:39:05.025,5,,5,35705517 35908771 6938341 978162 25486003 
how to get the length of a string,get length string,2019-08-14 18:25:57.257,5,,5,41951564 23398098 41951628 2620693 13156221 
How to remove an element from array,remove element array,2019-08-14 16:10:15.116,5,duplicated,5,11727522 3663949 10714351 25731624 11727508 
create a list,,2019-08-14 21:02:44.799,5,,5,17591466 11050427 40493565 11018393 43669970 
convert string to integer,convert string integer,2019-08-14 19:25:31.169,5,,5,19103110 19103118 9321599 19103098 43177248 
How to read from a serial port,read serial port,2019-08-14 20:46:06.954,5,,5,8165102 8165074 11258106 8165124 37333454 
How to return the contents of a file as a string,contents file string,2019-08-14 21:00:31.583,5,,5,36659219 23646170 22249342 40645402 6124228 
remove newlines,,2019-08-14 22:34:27.855,5,,5,7454507 10499060 3958974 7454338 15495127 
how to print to screen,print screen,2019-08-14 22:42:39.136,5,,5,35619234 35619256 30114043 27367515 
how to print to screen,print screen,2019-08-14 22:42:39.136,5,,5,35619234 35619256 30114043 27367515 
convert from arraylist to array,convert arraylist array,2019-08-15 01:17:53.666,5,,5,10530405 10530407 10530379 157950 9811302 
how to add an element to a stream,add element stream,2019-08-15 01:58:30.331,5,,5,40860753 48498900 30168039 32931730 44121472 
How to copy the InputStream,copy inputstream,2019-08-15 02:17:10.98,5,,5,4065537 1830719 35932047 26756527 14919215 
how to remove an array element,remove array element,2019-08-15 03:38:39.193,10,,5,11727522 3663949 10714351 25731624 11727508 19233594 11094123 5935223 
switch case fall through,switch case fall,2019-08-15 04:03:58.902,5,,5,15606592 20159273 26574440 15045710 
convert text to base64,convert text base64,2019-08-15 04:11:22.147,5,,5,20833766 6484366 9345153 32732472 47934198 
How to increase the size of an array,increase size array,2019-08-15 04:41:49.134,5,,5,21746774 37748185 22252667 10255442 17038175 
How to copy a list,copy list,2019-08-15 06:04:25.923,5,,5,10495882 10457114 11177363 11233021 10427198 
How to delete files recursivelly,delete files recursivelly,2019-08-15 08:32:02.502,5,,5,35745667 27917071 26610944 17048179 38432603 
print on new line,print new line,2019-08-15 09:32:22.237,5,,5,4008248 30294134 27691916 7833713 31740494 
get date from string,get date string,2019-08-15 10:53:47.259,5,,5,13967579 17989207 14358587 13823832 
How do I enable SSL?,enable ssl,2019-08-15 11:00:09.852,5,,5,38434933 22804578 4701313 39333595 
how to learn the language,learn language,2019-08-15 12:05:11.759,5,,5,3952701 703020 957476 703032 1883690 
How to convert array to list,convert array list,2019-08-15 12:09:03.685,5,,5,4374670 4792218 49319746 42552038 14773362 
how to avoid a deadlock,avoid deadlock,2019-08-15 13:47:14.751,5,,5,1997889 13741678 13741757 13326948 26241711 
Read resources in Maven projects,read resources maven projects,2019-08-15 16:08:27.902,5,,5,43749074 21173627 28714195 44499270 3915769 
operator overloading,,2019-08-15 17:14:14.43,5,,5,14173403 29869505 2955819 15129320 31543791 
How to watch file?,watch file,2019-08-16 01:43:54.17,5,,5,40003648 5608436 42093973 31005079 24401665 
fiz buzz,,2019-08-16 10:20:51.351,5,,5,48354560 48354830 47234946 36315659 48360233 
How to reverse sort list of names,reverse sort list names,2019-08-16 07:22:11.798,5,,5,42694200 5815194 34452131 5815474 10272031 
How to find a pattern in all files in a folder,find pattern files folder,2019-08-16 07:55:33.507,5,,5,13515247 12337798 30511712 39303745 12616223 
how to insert into an array,insert array,2019-08-16 06:30:15.578,5,duplicated,5,30281392 18128586 25666472 9285274 43925724 
String to InputStream,,2019-08-16 11:14:18.691,5,,5,35705517 
get current date,,2019-08-16 11:18:39.984,5,,5,2528480 4498814 48721617 19218035 10514345 
how to write file in scala,write file scala,2019-08-16 11:15:27.215,10,,5,6928784 2783006 16847709 8263671 26257033 18756817 8690756 6928211 6927975 38393650 
How to insert item at a specific index in a list,insert item specific index list,2019-08-16 11:43:18.755,5,,5,20904059 47129395 25038941 
How to catch errors in java,catch errors java,2019-08-16 11:44:45.531,5,,5,1777999 16429897 16434943 17441320 46232917 
how to add elements of a list,add elements list,2019-08-16 11:53:03.845,5,,5,11177370 7409763 16539990 3206549 23384153 
java choose between two numbers randomly,java choose two numbers randomly,2019-08-16 13:19:12.06,5,,5,22861101 22860990 22860998 10785662 22860974 
How to turn string into JSON,turn string json,2019-08-16 13:30:06.37,5,,5,33667584 8596593 49089999 14205759 45110310 
reverse an element in array,reverse element array,2019-08-16 15:37:07.727,5,,5,28246317 33335251 7970910 41053380 9616151 
singleton without static,,2019-08-16 18:32:53.478,5,,5,8602776 20559862 3966862 11468943 17988296 
write EOF character in file,write eof character file,2019-08-16 19:55:36.916,5,,5,5687456 28761160 16945563 7590847 2194977 
how do I connect text field with button in javaFx,connect text field button javafx,2019-08-16 20:32:07.83,5,,5,29274413 36992375 34752615 41425302 18521351 
how to extend array,extend array,2019-08-17 03:57:37.863,5,,5,24913804 4463078 4361282 5171150 6175260 
android view,,2019-08-17 04:13:08.862,5,,5,42666192 19604936 31829770 31814391 38608067 
Use default values in function parameters.,use default values function parameters,2019-08-17 07:16:07.802,5,,5,7428064 37133498 11954059 965726 32504169 
final keyword,,2019-08-18 06:45:59.647,5,,5,27937737 1351571 14080193 4197560 35265080 
How do I automate mouse clicks?,automate mouse clicks,2019-08-17 21:40:52.7,5,,5,28446044 18993758 11627402 16239127 15685953 
how to display a shapefile,display shapefile,2019-08-18 06:15:36.454,5,,5,2044972 17162874 27723397 46619383 27471830 
calculate a 1km buffer around a line,calculate 1km buffer around line,2019-08-18 06:20:29.17,5,,5,30459570 21282500 21120862 43962464 19302231 
remove from a linked list,remove linked list,2019-08-18 06:23:18.84,5,,5,271011 278551 43690243 22623959 32907265 
how to connect to mysql database,connect mysql database,2019-08-18 08:59:38.402,5,duplicated,5,2839332 1640931 32970843 13648006 19362785 
how can i open the contents of a zip file,open contents zip file,2019-08-18 07:13:14.679,5,,5,363051 22109634 7548924 4067230 9678657 
How to create an array,create array,2019-08-18 08:42:07.951,5,duplicated,5,17512961 18581070 21702023 28588120 4549216 
how to sort array,sort array,2019-08-14 18:40:10.118,5,duplicated,5,17289207 35660201 1694770 19776557 
How to convert array to string,convert array string,2019-08-18 13:49:37.784,5,,5,8652834 10530405 10530407 11658481 7500382 
create temporary file,,2019-08-18 15:56:37.192,5,,5,876845 2903813 34387472 876876 16691530 
how to convert int to string,convert int string,2019-08-18 16:13:55.808,5,,5,7646499 40700694 46227128 5585800 16771386 
monitor the program's own cpu usage programmatically,monitor program cpu usage programmatically,2019-08-18 20:54:36.35,5,,5,28706224 13656833 47199 3722259 15733157 
how to make linked list,make linked list,2019-08-18 21:14:20.769,5,,5,12432 13851649 8805696 13851668 1963840 
how to emboss text in jpg,emboss text jpg,2019-08-18 21:48:15.089,5,,5,24349050 6240189 16678458 15744481 15632531 
Cxf how to sign a soap request,cxf sign soap request,2019-08-18 22:51:42.042,5,,5,31261530 39405537 7194011 40789603 37737336 
How do I pass an arbitrary object to an explicit intention on Android,pass arbitrary object explicit intention android,2019-08-19 00:08:57.55,5,,5,46464238 11913727 13240770 10510015 24892844 
How to get website?,get website,2019-08-19 03:11:45.303,5,,5,23779888 422994 423194 9847500 8677241 
how to sort a file,sort file,2019-08-19 03:34:36.664,5,,5,42694606 9929956 38729275 42694706 7199929 
how to search an arraylist,search arraylist,2019-08-19 03:48:18.516,5,,5,8192887 26292787 31350291 22550437 12496098 
regex how to search for telephone number,regex search telephone number,2019-08-19 04:04:14.595,5,,5,18144208 14727772 7730034 29521996 15243473 
How to avoid sql injection,avoid sql injection,2019-08-19 06:04:58.694,5,,5,17392017 16364536 43310226 1582192 4333133 
how to remove an element from an array,remove element array,2019-08-14 20:19:42.542,5,duplicated,5,11727522 3663949 10714351 25731624 11727508 
How to remove element from an array?,remove element array,2019-08-19 08:09:06.721,5,duplicated,5,11727522 3663949 10714351 25731624 11727508 
Writing a text file,writing text file,2019-08-19 08:11:56.37,5,,5,20509123 36932189 7063591 7357894 7157360 
Delete last character from string,delete last character string,2019-08-19 08:17:10.653,5,,5,40213487 19937570 5163887 30708301 5163852 
How to read an entire file into a string,read entire file string,2019-08-19 08:30:39.912,5,,5,12035403 5196017 12035468 40645446 12035405 
How to add two numbers,add two numbers,2019-08-14 21:33:28.353,5,duplicated,5,3748861 3748858 2721438 30479040 
Add SSL to Java RMI,add ssl java rmi,2019-08-19 09:05:08.314,5,,5,19117398 14746991 34477810 12142780 35024669 
how do iterate and filter to a stream,iterate filter stream,2019-08-19 09:24:03.059,5,,5,25167043 49497997 35928908 40864004 30151454 
How rename files in a folder,rename files folder,2019-08-19 09:24:24.479,5,,5,24199771 39530978 39531227 2727534 12564028 
How to download a file on selenium,download file selenium,2019-08-19 09:25:53.072,5,,5,29787683 28643684 14744680 28644272 13853682 
sort a list,,2019-08-15 00:56:15.701,5,duplicated,5,34452131 3987383 42694200 50352087 10703889 
sort a list,,2019-08-15 00:56:15.701,5,duplicated,5,34452131 3987383 42694200 50352087 10703889 
How to create an thread?,create thread,2019-08-19 09:40:24.799,5,,5,2150418 34257421 18857260 20211626 17313343 
Map Array to DB,map array db,2019-08-19 09:43:05.245,5,,5,25666472 49105190 19564595 24682306 9949372 
how to iterate over an array,iterate array,2019-08-19 09:56:20.572,5,duplicated,5,7514938 43912025 37798176 1034888 15949458 
How to define a interface,define interface,2019-08-19 10:00:51.574,5,,5,16174322 595973 6452339 5095515 18456837 
How to create a list?,create list,2019-08-19 09:51:20.752,5,duplicated,5,17591466 11050427 40493565 11018393 43669970 
How to substract String,substract string,2019-08-19 10:16:51.186,5,,5,35830133 38865537 23803972 12087527 11491178 
how to write an own iterator,write iterator,2019-08-19 10:18:59.826,5,,5,50424391 35382080 35382076 8688827 10546469 
How do i encrypt something AES,encrypt something aes,2019-08-19 11:02:32.078,5,,5,15954508 45651746 30384640 43858473 664213 
convert json to csv,convert json csv,2019-08-19 11:09:24.004,5,,5,15411074 9524327 25863493 22431147 4516397 
convert string to int,convert string int,2019-08-19 11:40:32.006,5,duplicated,5,7646499 40700694 46227128 5585800 16771386 
How do I create a state machine?,create state machine,2019-08-19 12:22:06.245,5,,5,39772194 20451817 2064170 30259847 27782319 
how to define a list?,define list,2019-08-19 12:40:05.615,5,,5,20190009 5207356 27654621 20189910 31517798 
What is the best way to round a float?,best way round float,2019-08-19 12:42:28.425,5,,5,8911415 13620408 27686958 28845431 10295373 
how do I dimension a multidimensional array,dimension multidimensional array,2019-08-19 13:12:21.15,5,,5,6142565 41462810 7410378 30673128 30673133 
encrypt password,,2019-08-19 13:39:30.751,5,duplicated,5,20838944 6592029 1133815 2443223 14720192 
Changing button text,,2019-08-19 14:22:07.592,5,,5,31719379 16925172 45922244 9412900 31553078 
Changing color of textarea,changing color textarea,2019-08-19 14:23:17.013,5,,5,37877739 20358874 45882079 31832997 29962255 
set vs list,,2019-08-19 15:30:23.262,5,,5,25336536 38789825 7869630 7869623 32552352 
Async function with await,async function await,2019-08-19 16:32:01.565,5,,5,27978021 28795097 33938778 4937836 35834491 
String to integer,,2019-08-19 17:30:57.488,5,,5,19103110 11009878 19103118 19103098 5470551 
Hexadecimal to rgb code,hexadecimal rgb code,2019-08-19 17:22:51.572,5,,5,3607910 7427270 21227942 7471183 15971270 
how to 'kill' a process ---,kill process,2019-08-15 07:19:13.916,5,duplicated,5,11366828 42847787 9574566 13025960 
How to use lambda,use lambda,2019-08-19 17:15:49.606,5,duplicated,5,30108451 46215649 23324886 46215542 27467956 
how to run a loop,run loop,2019-08-19 23:43:41.786,5,,5,26975622 36332814 36332723 13697054 29700752 
how to use webview,use webview,2019-08-19 23:55:45.784,5,,5,17112777 38073120 21880121 34972186 33346154 
nio netty,,2019-08-20 03:06:10.583,5,not_java,5,16863492 8535610 3193960 30471685 19793160 
towers of hanoi,,2019-08-20 02:51:21.616,5,,5,42737621 42737623 10678856 28730282 26883221 
Ajax example,,2019-08-20 03:08:55.974,5,,5,8878036 21575471 20581551 8907419 4909676 
Ajax example,,2019-08-20 03:08:55.974,5,,5,8878036 21575471 20581551 8907419 4909676 
how to get title of element?,get title element,2019-08-20 02:35:01.057,5,,5,50042028 9086661 31271614 17708478 30408193 
Batch synchronize interface data,batch synchronize interface data,2019-08-20 02:58:04.943,10,,5,5483028 20311705 30515256 12456387 13480858 7466342 4983611 48257763 18401618 7966619 
Sort Set alphabetically,,2019-08-20 03:13:46.662,5,,5,30373828 30146619 42694200 34452131 19942098 
how to learn java,learn java,2019-08-20 04:04:53.492,5,,5,3500016 4893388 963226 499755 2915448 
How to create an integer,create integer,2019-08-20 04:20:54.896,5,,5,3815194 3815223 9749510 12557979 12139808 
How to create an integer,create integer,2019-08-20 04:20:54.896,5,,5,3815194 3815223 9749510 12557979 12139808 
How to get initialize a boolean array,get initialize boolean array,2019-08-20 04:49:53.772,5,,5,12229524 12229539 2364887 26853461 2364882 
Define array,,2019-08-20 04:58:58.267,5,duplicated,5,38157282 38157290 17612825 27654621 10707656 
lambda list add,,2019-08-20 05:49:39.539,5,,5,35892277 33874301 39238671 38124330 27613982 
What is void,,2019-08-20 06:08:34.185,5,,5,8806805 7795350 676692 676680 10839064 
Get time since epoch,get time since epoch,2019-08-20 05:48:56.514,5,,5,23944399 13731260 
Linux shell (command),,2019-08-20 06:37:51.426,5,,5,14932820 10428021 1410778 12364516 10428037 
convert from milliseconds to date,convert milliseconds date,2019-08-20 08:06:40.993,5,,5,15155933 8477337 7735858 8826411 36773032 
Recursion sort,,2019-08-20 09:03:50.583,5,,5,8549817 29203655 26931713 28323689 20872616 
Create arraylist,,2019-08-20 09:10:56.854,5,duplicated,5,40493565 16956769 16956842 157950 19119720 
How do you create a two dimensional array?,create two dimensional array,2019-08-20 08:44:51.662,5,,5,16350823 38732495 27061360 16437251 12231524 
how to sort an array of integers,sort array integers,2019-08-20 09:06:59.261,5,,5,38191723 36668599 7595139 40207474 44027961 
Sort array of objects by key,sort array objects key,2019-08-20 09:16:14.097,5,,5,5244534 6584631 10145586 9426188 
set header http request,set header http request,2019-08-20 09:18:53.277,5,,5,14152564 23227009 17826541 6911083 6884894 
add to queue,,2019-08-20 09:25:56.46,5,,5,12823100 12949816 41533573 22454237 8217934 
how do I create a hash,create hash,2019-08-20 09:39:54.021,5,,5,29655747 29266164 32479266 10587627 
How to check session,check session,2019-08-20 10:20:25.672,5,,5,2974322 17183903 2818305 20597076 
Authentication in spring,,2019-08-20 10:45:24.421,5,,5,3483689 990293 44827854 2595183 30168305 
Implement oauth2,,2019-08-20 10:49:56.629,5,,5,40254402 28919898 43147567 44734742 29180170 
Get process id,,2019-08-20 12:03:38.197,5,,5,39744535 43399977 31072610 1897693 23629631 
Get length of array,get length array,2019-08-20 11:41:04.923,5,,5,23398098 34180298 13156221 13156222 46547969 
add elements to an array,add elements array,2019-08-20 11:26:54.875,5,duplicated,5,12949821 34321584 8296031 7191039 12853617 
Pop elements from an array ?,pop elements array,2019-08-20 12:02:29.961,5,,5,4538035 38691219 838939 47367001 19057877 
How to do error handling,error handling,2019-08-20 13:00:09.553,5,,5,39393218 1211085 13125538 4554254 9580347 
get file from url and put in zip,get file url put zip,2019-08-20 13:19:16.889,5,,5,16946066 8254104 21580145 14238920 48373446 
Play music,,2019-08-20 14:28:36.025,5,,5,16284581 11658046 45902653 16284666 3017240 
Calculate FFT,,2019-08-20 13:48:59.885,5,,5,34683959 9368320 26106633 6633679 962446 
Calculate FFT,,2019-08-20 13:48:59.885,5,,5,34683959 9368320 26106633 6633679 962446 
How to pass parameters to a dialog that is opened with window.open jsf,pass parameters dialog opened window open jsf,2019-08-20 14:12:16.738,10,,5,15871816 6781428 23226858 8412721 22105518 13861653 22938987 
How to pass parameters to a dialog that is opened with window.open jsf,pass parameters dialog opened window open jsf,2019-08-20 14:12:16.738,10,,5,15871816 6781428 23226858 8412721 22105518 13861653 22938987 
Integer to Double,,2019-08-20 16:32:58.596,5,,5,9102414 44911147 20373065 12557979 28793610 
Android gps distance,,2019-08-20 16:35:03.676,5,,5,8361393 34587976 12023523 8677320 30156642 
How to loop through a list,loop list,2019-08-20 16:36:06.873,5,,5,24274206 49404149 29956276 38031422 49404274 
How to loop through a list,loop list,2019-08-20 16:36:06.873,5,,5,24274206 49404149 29956276 38031422 49404274 
evening part time,,2019-08-20 18:03:13.865,5,,5,27785708 27589769 24345265 27589893 46379428 
substract days to a date,substract days date,2019-08-20 16:52:57.081,5,,5,12087527 49608119 12783256 20780958 12087555 
How to list all jobs in quartz,list jobs quartz,2019-08-20 17:47:56.144,5,,5,40627431 8560655 1041280 3749027 36268959 
How to list all jobs in quartz,list jobs quartz,2019-08-20 17:47:56.144,5,,5,40627431 8560655 1041280 3749027 36268959 
Reverse a list,,2019-08-20 17:25:38.413,5,duplicated,5,38800084 18073639 45068373 18084742 14988032 
Cast an int,,2019-08-20 18:34:53.198,5,,5,3661433 21391675 5801486 3661436 
How to apply polymorphism,apply polymorphism,2019-08-20 22:22:49.049,5,,5,32288460 32288499 32288416 5376659 32288386 
ordered set,,2019-08-20 23:37:19.435,5,,5,8712517 37584549 22212477 10752803 11953782 
unsafe cas,,2019-08-20 23:39:17.829,5,,5,5653399 20781817 5607442 31548128 20451477 
Write simple calculator,,2019-08-21 00:07:59.243,5,,5,2736601 2735664 14007691 2734242 2734249 
Write simple calculator,,2019-08-21 00:07:59.243,5,,5,2736601 2735664 14007691 2734242 2734249 
Pass reference to a method,pass reference method,2019-08-21 00:00:01.259,5,,5,41393112 6622803 17303467 43195104 13552425 
convert datetime to date,convert datetime date,2019-08-21 00:03:47.392,5,,5,48080243 1005614 6252782 
How to sort an arrau,sort arrau,2019-08-21 02:06:39.424,5,,5,19776557 41600573 44622440 17289207 35660201 
Read from text file,read text file,2019-08-21 02:52:00.432,5,,5,12421888 7779819 31563380 12422059 16953942 
akka cluster,,2019-08-21 05:07:14.227,5,,5,25086447 32496375 25008932 38022985 37944006 
akka cluster,,2019-08-21 05:07:14.227,5,,5,25086447 32496375 25008932 38022985 37944006 
How do I reverse a string,reverse string,2019-08-16 07:54:33.226,5,duplicated,5,12305723 20393516 12305682 7569380 25933345 
How to remove an element from an array,remove element array,2019-08-16 08:24:00.698,5,duplicated,5,11727522 3663949 10714351 25731624 11727508 
How to print each character in a string,print character string,2019-08-21 07:51:24.004,5,,5,15337716 40789537 26049099 26959043 15337545 
has been blocked by CORS policy: Response to preflight request AJAX,blocked cors policy response preflight request ajax,2019-08-21 09:26:17.148,10,,5,47565689 30864961 49023047 36824340 36821971 46463010 40010227 37990021 36512011 45271703 
injest html text,,2019-08-21 11:19:04.275,5,,5,3507394 21761476 12231793 27756845 13675256 
assign variable,,2019-08-21 11:19:59.004,5,,5,1098105 16148759 16148674 7765738 12401725 
Tic tac toe,,2019-08-21 10:11:11.829,5,,5,20388154 37794400 9773751 6119547 13740796 
how to turn map keys to list,turn map keys list,2019-08-21 10:24:56.482,5,,5,9100828 5426342 860578 44045625 2051691 
how to use PEM encoded certificate,use pem encoded certificate,2019-08-21 14:13:03.201,10,,5,49220311 17281551 10103752 33009327 9829632 
how to override abstract method,override abstract method,2019-08-21 19:12:50.296,5,,5,16676997 14185068 14272104 48124936 1299418 
How to start Tomcat,start tomcat,2019-08-21 22:44:00.648,5,,5,20567912 16689321 10259772 2602450 5256051 
Replace letters in string,replace letters string,2019-08-22 00:17:49.045,10,,5,26316749 45238516 2082224 23662578 21548670 15027403 45239068 26316721 24878763 21113683 
java excel,,2019-08-22 03:12:11.649,10,,5,45376151 4254006 836791 591480 7675345 7675409 601810 4886439 1905799 6937082 
how remove object from array,remove object array,2019-08-22 03:43:21.629,10,,5,30917454 25729620 16987769 20186745 4578731 21207111 15675034 39901844 8908199 20071979 
How to join two lists,join two lists,2019-08-22 03:47:33.086,10,,5,24715402 18687790 42990654 40870053 189572 189568 190918 36914672 50418885 34090554 
how to get data from mysql,get data mysql,2019-08-22 03:57:07.899,10,,5,12914251 2743421 25444587 15963285 40437890 39541745 20279681 2743411 1362893 8949826 
how to convert dom to string,convert dom string,2019-08-22 09:09:37.956,10,,5,32739465 32739440 3140638 31722446 8484990 5575306 3098928 12296802 729662 13765293 
use of bag in eclipse collection,use bag eclipse collection,2019-08-22 09:57:37.47,10,,5,40681044 28203967 36242863 21918041 36242857 44728032 22027650 50521370 29136492 559892 
how to create a checkbox,create checkbox,2019-08-22 11:41:07.477,10,,5,21552473 33326512 21552375 34799305 21552332 31448205 18336219 13848767 41059084 18336253 
HttpSecurity.authorizeRequests().anyRequest().authenticated(),,2019-08-22 13:00:35.481,10,,5,36253021 21118649 41848600 42800220 47407006 50335851 29524009 44865639 24501716 30286022 
underline textview,,2019-08-22 13:47:12.701,10,,5,32735973 16062940 24557098 11887740 9700352 32918866 42289658 42289710 20749265 28678275 
anonymous class,,2019-08-22 16:13:32.132,5,,5,31207900 33836038 34925078 48378849 1208601 
Check string input is an int,check string input int,2019-08-22 19:45:03.1,10,,5,26724858 41676935 38823930 14259658 41676848 25756731 23361956 20165503 15960698 26724915 
read from stdin,,2019-08-23 02:28:54.131,10,,5,33234613 23404153 33088050 14411178 23420295 21194248 14327011 15016019 49119804 43033062 
Find the second largest number,find second largest number,2019-08-22 22:50:11.441,5,,5,12279849 21926229 24428620 32880339 12368603 
is it safe to store an unencrypted password in sharedpreferences,safe store unencrypted password sharedpreferences,2019-08-23 13:53:33.071,10,,5,38344033 15245186 20838944 6393502 44898513 10399513 38344094 44962842 21708424 38344160 
Create immutable set,,2019-08-25 23:08:14.565,10,,5,31149845 5396735 43669970 7393501 5396757 44922279 49085688 25005693 46734524 10354350 
How to count from 1 to 10,count,2019-08-16 14:48:08.532,5,duplicated,5,11639574 10665589 36944878 10665594 11639546 
How to escape double quotes,escape double quotes,2019-08-26 10:36:03.477,10,,5,33893795 36479950 8303158 26416527 25221700 15225814 39263837 36163898 6277994 8303153 
recursively list all files in a folder,recursively list files folder,2019-08-28 07:12:56.162,10,,5,44713656 2056259 18942722 2056326 47020817 26202639 33593796 29964733 41511741 10814316 
how to override,,2019-08-29 09:05:02.17,10,,5,5506412 8465812 8266420 94759 5506438 5907992 10568940 212624 94388 30048644 
how to printf in java,printf java,2019-08-29 09:03:35.712,10,,5,3745232 3745218 20530253 1216478 13276633 13276637 23588004 49944374 15075915 3853189 
How to slice an array,slice array,2019-09-02 05:13:47.649,10,duplicated,5,15300432 15578538 32223666 32525553 32150375 25613310 13898513 18367574 31932229 36629540 
how to remove an element from an array,remove element array,2019-08-16 17:32:42.289,10,duplicated,5,11727522 3663949 10714351 25731624 11727508 19233594 11094123 5935223 21764671 
unity touchButton,,2019-09-05 11:32:44.167,10,,5,18014470 9122486 49247804 37199487 42862540 45138926 36823088 41861554 25141901 27728411 
How to create object in java,create object java,2019-09-04 14:47:01.024,10,,5,5104630 6000453 24612541 21362976 16129644 24612173 43851274 16198501 17105231 16198523 
how to remove element from end of array,remove element end array,2019-09-05 09:31:05.99,10,,5,11727522 3663949 10714351 25731624 11727508 19233594 11094123 13740035 5935223 21764671 
How to append to an ArrayList,append arraylist,2019-09-05 11:23:03.833,10,,5,17724875 35231726 33022853 22612588 5144588 27523367 27523417 6096945 3950702 33022926 
increment race condition,,2019-08-17 21:33:49.484,5,duplicated,5,21049921 27468852 15118907 49103705 16289997 
class override exception handler,class override exception handler,2019-09-06 05:29:18.816,10,,5,19423233 10751424 41274409 46850701 50505854 14255117 8362388 18857260 7231802 8362367 
check prime number,,2019-09-13 01:12:16.002,10,,5,46878248 46877958 32786799 42053332 37018879 26337982 23105767 22509001 20263911 32665997 
Make http call,,2019-09-19 07:52:03.306,10,duplicated,5,22366216 36888111 15750412 4143521 13586997 21151690 38219537 39431 15751836 13747079 
mvc website,,2019-09-19 11:10:35.484,10,,5,4779311 3289002 27916121 4827141 5947233 390310 4216457 5431019 13019891 4119033 
count the occurrences of a string,count occurrences string,2019-09-19 11:14:44.026,5,,5,13330160 14544813 23517296 6267655 17566410 
reverse array,,2019-08-18 06:47:52.948,5,duplicated,5,2137766 41053380 8975579 34172032 32032464 
localdatetime to long,,2019-09-20 04:11:25.313,10,,5,44883549 22992578 34153173 44883570 40718909 23015661 36170676 33030631 44883611 30219956 
How to extract an email address from a string,extract email address string,2019-09-19 16:34:44.441,10,,5,7899198 46728211 34629259 16053881 13038744 18464372 17482715 32775318 7899864 10571090 
How to extract an email address from a string,extract email address string,2019-09-19 16:34:44.441,10,,5,7899198 46728211 34629259 16053881 13038744 18464372 17482715 32775318 7899864 10571090 
How to search a list,search list,2019-09-20 03:00:57.242,10,,5,13139071 16218947 2523967 8192676 18111217 45304606 14936255 18110707 36227447 10938420 
how do you display an image,display image,2019-09-20 07:33:34.211,10,,5,1242670 14307674 11393408 4875589 1242664 27755296 42091003 593885 7422701 28472196 
android view contact by lookup-column,android view contact lookup column,2019-09-20 16:39:13.65,10,,5,21902414 22401513 35132754 16223604 36361776 46177228 20444555 8811929 14540696 42259520 
How to delete duplicates,delete duplicates,2019-09-21 06:09:25.379,10,,5,12196917 27302059 34280824 30557030 8808943 32725727 40365446 22469800 43158213 1822857 
How to delete duplicates,delete duplicates,2019-09-21 06:09:25.379,10,,5,12196917 27302059 34280824 30557030 8808943 32725727 40365446 22469800 43158213 1822857 
how to create a custom annotation in java,create custom annotation java,2019-09-25 07:00:06.267,10,,5,41367289 46367482 18190089 12257475 43342675 22126884 12260215 30716094 8910343 18190082 
how to manage the task stack in android,manage task stack android,2019-09-30 12:13:53.084,10,,5,6942435 42455221 19806456 14932358 41085348 12014648 32218783 48151421 36865576 18873990 
how to remove items from an array,remove items array,2019-10-01 13:36:27.4,10,,5,21764717 10714286 22743971 3663949 10714355 4150291 28691599 30151240 7646148 20186745 
how to remove items from an array,remove items array,2019-10-01 13:36:27.4,10,,5,21764717 10714286 22743971 3663949 10714355 4150291 28691599 30151240 7646148 20186745 
getimage url applet,,2019-10-07 10:02:19.667,10,,5,9179732 17854869 12941641 7440440 19473451 5310208 9750719 14928460 18816942 26884629 
load image project path,load image project path,2019-10-09 11:25:21.537,10,,5,19921468 9749756 9731508 12153654 17536042 26884629 17367101 17132279 44134567 29780497 
String conversion,,2019-10-22 02:27:56.295,10,,5,3802707 3802705 3802716 32017045 35632500 13145176 4260803 36592778 10677920 19206871 
String conversion,,2019-10-22 02:27:56.295,10,,5,3802707 3802705 3802716 32017045 35632500 13145176 4260803 36592778 10677920 19206871 
String conversion,,2019-10-22 02:27:56.295,10,,5,3802707 3802705 3802716 32017045 35632500 13145176 4260803 36592778 10677920 19206871 
fibonacci sequence,,2019-10-24 20:21:34.683,10,,5,41293094 16202506 19055890 37102225 8965075 24476145 19057425 45111567 41293026 16989014 
zuul spring security eureka,zuul spring security eureka,2019-11-21 07:29:31.966,10,,5,46613372 46614009 39657827 48830338 45512791 35419378 34071421 48167961 43490510 28675899 
how to implement a factory?,implement factory,2019-08-18 22:23:17.145,5,duplicated,5,45082753 6948941 31873560 15144944 
Sort an array,,2019-08-19 08:05:06.512,5,duplicated,5,17289207 44622440 35660201 1694770 19776557 
Sort an array,,2019-08-19 08:05:06.512,5,duplicated,5,17289207 44622440 35660201 1694770 19776557 
How to sort a list?,sort list,2019-08-19 08:10:48.704,5,duplicated,5,34452131 3987383 42694200 50352087 10703889 
parse html with regex,parse html regex,2019-08-19 08:26:50.708,5,duplicated,5,16655019 29727765 18645823 7004859 3267490 
how to sort a list,sort list,2019-08-19 09:08:19.71,5,duplicated,5,34452131 3987383 42694200 50352087 10703889 
gradient descent,,2019-08-19 10:12:16.945,5,duplicated,5,21085107 28918214 21066221 28999444 23121540 
sort an array,,2019-08-19 11:40:07.857,5,duplicated,5,17289207 44622440 35660201 1694770 19776557 
convert string to number,convert string number,2019-08-19 12:28:48.486,5,duplicated,5,46227128 39011912 
spring boot default encoding,spring boot default encoding,2019-08-19 16:05:01.376,5,duplicated,5,28036077 46379354 48952844 48561326 48880210 
How to convert String array to string,convert string array string,2019-08-20 02:42:43.155,5,duplicated,5,8652834 7500382 
How to create an integer,create integer,2019-08-20 04:21:29.44,5,duplicated,5,3815194 3815223 9749510 12139808 
How to sort a list,sort list,2019-08-20 04:24:44.829,5,duplicated,5,34452131 3987383 42694200 50352087 10703889 
how to concatenate strings,concatenate strings,2019-08-20 05:51:46.445,5,duplicated,5,43317476 3753880 3753876 3753895 24839780 
how to read a file,read file,2019-08-20 07:25:27.608,5,duplicated,5,14169760 25028936 20227939 12961553 14089521 
Convert between a file path and url,convert file path url,2019-08-20 07:42:18.468,5,duplicated,5,27241528 3631670 45782699 32557217 17870390 
how to remove an element from array,remove element array,2019-08-20 08:53:38.707,5,duplicated,5,11727522 3663949 10714351 25731624 11727508 
what is polymorphism?,,2019-08-20 13:03:45.314,1,duplicated,5,43417234 
how to override a method,override method,2019-08-20 11:30:15.433,5,duplicated,5,8465812 10568940 212624 213896 212640 
Spring login page with database,spring login page database,2019-08-20 11:37:47.664,5,duplicated,5,4613714 2122104 38295610 9411322 44892422 
Scanner Input,,2019-08-20 15:51:51.601,5,duplicated,5,11871567 29865176 33155174 18301717 45904380 
get type information of generic,get type information generic,2019-08-14 12:56:47.293,5,,4,7844900 21174488 8792602 19440418 11977854 
how to remove an element from an array,remove element array,2019-08-14 12:42:44.205,5,duplicated,4,11727522 3663949 10714351 25731624 11727508 
android countdown timer,,2019-08-14 14:05:21.239,10,,4,44522093 11875807 14620088 30094519 7792212 10787920 42104383 14393728 36023083 27735597 
convert dictionary to array,convert dictionary array,2019-08-14 14:09:33.538,5,,4,13141726 40299012 19792670 8607187 33156265 
use generics,,2019-08-23 13:59:49.447,10,duplicated,4,18421531 36356 7815539 355074 2486319 4782918 16220152 43042432 5000537 4146209 
How to make ascii art,make ascii art,2019-08-19 06:52:42.201,5,,4,23660776 18624600 7948627 7948258 43030865 
how do I append another list to a existing one?,append another list existing one,2019-08-19 08:02:31.948,5,,4,374593 30480913 2325989 38216584 8833269 
How to remove element from an array,remove element array,2019-08-14 14:32:41.437,5,,4,11727522 3663949 10714351 25731624 11727508 
How to convert a string to an int,convert string int,2019-08-14 14:32:44.99,5,,4,7646499 40700694 46227128 5585800 16771386 
How to add two lists,add two lists,2019-08-14 11:52:30.997,5,,4,26604907 36771425 24567870 26606270 15930626 
how delete element from array,delete element array,2019-08-19 07:01:49.065,5,duplicated,4,21424617 3415441 13739885 13740035 13742624 
generate regex for indian phone number,generate regex indian phone number,2019-08-14 23:52:11.445,5,,4,16335954 10912910 5008017 16129150 20969163 
create a directory structure recursively,create directory structure recursively,2019-08-14 14:40:15.146,5,,4,30774965 13680761 6774644 44713656 49209332 
What is super keyword?,super keyword,2019-08-23 12:28:29.983,10,,4,3767383 3767386 35739714 7340515 5141368 45967485 15346614 23441501 5193481 7504867 
connect to ssh,,2019-08-14 15:23:01.127,5,,4,36238669 3071794 3071791 3071867 4723808 
How to make a variable changed listener?,make variable changed listener,2019-08-22 06:46:57.859,10,,4,45184605 13887686 15433906 21978898 14382182 30155580 15433891 3274258 10001108 31370521 
how to create a singleton,create singleton,2019-08-21 05:37:51.603,5,duplicated,4,6994437 21691046 2832308 19468649 2062526 
How to copy a array,copy array,2019-08-20 14:46:46.849,5,,4,27357042 1564865 28434431 420324 28549464 
how increment a variable,increment variable,2019-08-19 08:32:09.486,5,,4,8615913 5098328 31218390 26319331 7918771 
odbc connection to mysql,odbc connection mysql,2019-08-19 08:32:43.979,5,,4,584929 14157868 19508837 1328328 10464426 
how to insert an element array in a given position,insert element array given position,2019-08-14 14:36:10.273,5,duplicated,4,20076498 27906868 48635819 26777594 49483672 
how convert integer to string,convert integer string,2019-08-20 16:50:38.984,5,duplicated,4,19103098 43177248 
Call a REST API,call rest api,2019-08-14 16:29:41.32,5,,4,46645099 45281427 14357408 7386235 34578014 
what means generic,,2019-08-19 09:29:44.066,5,,4,29627333 18176276 24232313 25055094 648192 
How should I combine strings?,combine strings,2019-08-15 10:58:31.028,5,,4,18740600 5591900 45338524 5591979 4424597 
load external jar file with custom classes,load external jar file custom classes,2019-08-20 18:39:54.455,5,,4,13946037 8358551 15205094 9964274 815631 
break a loope when conditions is finded,break loope conditions finded,2019-09-20 10:24:35.261,10,,4,26397682 29231522 5677019 45709149 5479187 13369569 28731934 10104541 6850476 18188232 
create a random number,create random number,2019-08-19 09:29:03.674,5,,4,32994454 9436733 13145815 9436750 27844380 
Switch with strings,,2019-08-19 19:03:13.932,5,duplicated,4,2934592 8842125 2934570 8842147 4354688 
Instant from timestamp,,2019-08-14 16:04:39.597,5,duplicated,4,35611452 40934397 50047516 44883549 46791646 
How to print colors,print colors,2019-08-29 09:18:45.544,10,,4,6068805 27788295 7689304 30096850 28623634 4100654 42554705 3403970 15503377 36236103 
How to calculate cumulative hash,calculate cumulative hash,2019-08-14 17:55:53.684,5,,4,24335740 47254051 42439371 46095268 24335781 
create a dictionary,,2019-08-20 17:11:08.084,5,,4,17713355 13543488 17713128 17713113 17713347 
How to access a private member,access private member,2019-08-29 22:22:48.492,10,,4,10586707 25028485 6543344 3455630 46890678 19461883 676973 27482607 12631076 12401576 
hashmap,,2019-08-16 08:17:44.482,1,not_java,4,39945345 
How to output custom date string,output custom date string,2019-08-15 23:00:05.696,5,,4,9230991 9231317 18706779 9816867 
how to send data asynchronously,send data asynchronously,2019-09-02 03:52:12.162,10,,4,8228480 22824893 13598395 22614843 37927722 47161276 14973889 14485880 27999567 30121617 
create zip no compression STORED,create zip compression stored,2019-09-25 10:17:47.659,10,,4,15444803 5868403 26520506 13654065 19856375 8337985 41568009 4773929 39319823 32395700 
How to list all jobs in quartz,list jobs quartz,2019-08-20 17:47:56.144,5,,4,40627431 8560655 1041280 3749027 36268959 
How to sort a list,sort list,2019-08-20 04:24:44.829,5,duplicated,4,34452131 3987383 42694200 50352087 10703889 
How to count multiple occurrences in string?,count multiple occurrences string,2019-08-15 09:34:31.464,10,duplicated,4,9203185 41377925 5471443 23669479 
How to disable TLSv1.3,disable tlsv1,2019-08-19 11:30:09.876,5,,4,28162257 26652981 41187461 6428105 48893960 
how to remove an element from an array,remove element array,2019-08-20 07:14:11.301,10,duplicated,4,11727522 3663949 10714351 25731624 11727508 19233594 11094123 13740035 5935223 21764671 
how to parse an csv file,parse csv file,2019-08-19 12:08:31.898,5,,4,21609869 21609886 30838792 28603274 1913518 
JavaFx progressbar,,2019-08-15 19:31:27.265,10,duplicated,4,23673069 18543205 17966466 26894892 34201603 31613332 20845098 14404214 27542228 35497941 
How to debug kerberos issues,debug kerberos issues,2019-08-20 18:26:00.652,5,,4,24633381 10800509 10693376 27533332 4628864 
Write web services,,2019-08-20 22:44:52.03,5,,4,5132498 13220466 2378085 2342779 18232152 
How to multithread a collection,multithread collection,2019-08-21 01:44:27.008,5,,4,7966732 4273005 14555165 6553374 40546096 
how to create a geotiff,create geotiff,2019-08-18 06:17:32.724,5,,4,4100809 29963956 11203276 38739707 49426833 
how to remove duplicates,remove duplicates,2019-08-18 10:37:55.002,5,,4,31024633 33127048 33126786 6174594 33126630 
how to formate date,formate date,2019-08-19 14:13:35.932,5,,4,5581265 34015665 7466618 25051355 2486571 
Iterate over an array,iterate array,2019-08-20 09:09:44.117,5,duplicated,4,7514938 43912025 37798176 1034888 15949458 
copy arrray,,2019-08-19 15:23:47.873,5,,4,16923007 13522224 5279360 17703126 
mqtt,,2019-08-20 12:03:09.988,5,not_java,4,24548327 31511420 35220841 34321669 41822861 
spring data delete a single column,spring data delete single column,2019-08-15 11:03:05.665,5,,4,3889814 7473210 3883584 5261119 44427174 
how to pass by reference,pass reference,2019-08-19 16:24:41.68,5,,4,6462053 13952217 33885194 6870651 4613228 
spring aop,,2019-08-21 00:19:58.625,5,,4,30622737 7483110 768088 723990 30619992 
convert numeric date to alphanumeric date,convert numeric date alphanumeric date,2019-08-15 12:43:38.21,5,,4,37021336 34350079 39953925 37949892 33968486 
create an events system,create events system,2019-09-19 11:12:11.949,10,,4,7754339 22094020 28617902 48089061 11894517 2604165 8150730 48167579 23802198 2961957 
Why is do I get zero when I should get a fraction?,get zero get fraction,2019-08-15 14:49:17.255,5,,4,508824 39733301 14014640 10384627 36575175 
How to run concurrent jobs,run concurrent jobs,2019-08-15 15:58:19.945,5,,4,2676939 27933526 12269780 33021514 28719484 
mqtt,,2019-08-20 12:03:09.988,5,not_java,4,24548327 31511420 35220841 34321669 41822861 
How to create a thread,create thread,2019-08-21 01:45:19.259,5,,4,2150418 34257421 18857260 20211626 17313343 
How to save data to a file,save data file,2019-08-15 16:49:50.396,5,,4,23635341 4389225 5688837 14896964 13647863 
how to filter elements of an array,filter elements array,2019-08-15 17:24:28.483,5,,4,28506213 38645639 41706174 28521000 46502372 
how to handle exception,handle exception,2019-08-15 18:54:34.45,5,,4,9494286 20493230 12456875 9494288 23932475 
how to add an element to a linked list,add element linked list,2019-08-15 19:53:31.109,5,,4,11601276 34826318 11601164 3206549 40577551 
columns with apache poi,columns apache poi,2019-08-20 03:16:48.461,5,,4,41821007 13136910 10131967 12584054 3671742 
how to create main class,create main class,2019-08-16 02:38:31.872,5,,4,33988758 33988771 19617529 9837503 19617487 
How to remove an element from arraylist,remove element arraylist,2019-08-16 05:52:25.603,5,duplicated,4,14231738 44558866 21795392 13565951 10714351 
How to implement neural network,implement neural network,2019-08-16 07:22:49.775,5,,4,24526007 7267843 33502909 12003467 31502242 
how to create a singleton,create singleton,2019-08-20 13:35:44.695,5,duplicated,4,6994437 21691046 2832308 19468649 2062526 
thread in java,,2019-08-21 03:37:51.288,5,,4,31726746 23007536 13555443 861351 
How to make a class immutable?,make class immutable,2019-08-16 07:44:31.76,5,,4,27503213 28136445 30240397 12306732 18194193 
How to stream objects to their ids,stream objects ids,2019-08-20 01:59:08.807,5,,4,47937927 49243007 43682149 22865697 35496450 
How do i create my own hashcode function?,create hashcode function,2019-08-16 07:59:35.201,5,,4,1209676 48142621 1209664 1209642 40227164 
convert integer to string,convert integer string,2019-08-16 05:44:11.067,5,duplicated,4,19103110 19103118 9321599 19103098 43177248 
How to sort list of strings by ascending order?,sort list strings ascending order,2019-09-19 13:42:51.866,10,,4,17098535 21949404 20518221 21949322 43430117 46691084 18078670 20518277 17289207 13803879 
add a config file to my program at launch,add config file program launch,2019-08-18 20:53:09.981,5,,4,39098938 22595565 41180300 9413026 30791549 
Shuffle a list,,2019-08-16 12:05:30.152,5,,4,8125725 16017183 34117228 27770955 7079868 
how to call a api from spring,call api spring,2019-08-23 12:25:36.358,10,duplicated,4,49835509 34643205 48908609 34204524 49859471 16717822 16402161 40969780 42276186 42389766 
AsynchronousByteChannel,,2019-08-20 16:29:02.389,5,not_java,4,6666868 6667926 47034633 
datetime to uinix timestamp,datetime uinix timestamp,2019-09-20 05:29:58.893,10,,4,24457775 6634759 20251022 1071822 32482974 19003544 18692993 34740998 34610994 34609381 
how to add elements of a list,add elements list,2019-08-16 11:53:03.845,5,,4,11177370 7409763 16539990 3206549 23384153 
Batch synchronize interface data,batch synchronize interface data,2019-08-20 02:58:04.943,10,,4,5483028 20311705 30515256 12456387 13480858 7466342 4983611 48257763 18401618 7966619 
java spring multiple components use single kafka producer,java spring multiple components use single kafka producer,2019-08-16 12:54:42.752,5,,4,46074765 39874491 50235948 35441409 17829638 
How to sort an array?,sort array,2019-08-16 10:21:00.501,5,duplicated,4,17289207 44622440 35660201 1694770 19776557 
loop over list,,2019-08-20 03:16:09.897,5,,4,24274206 49404149 29956276 38031422 49404274 
get last four character of string,get last four character string,2019-08-21 09:15:15.761,5,,4,40213487 36437899 5163887 5163852 19937570 
simple api,,2019-08-20 04:28:02.386,5,,4,10785973 33800726 25256855 43456655 9538696 
traipse a directory tree,traipse directory tree,2019-08-16 18:36:53.794,5,,4,10655409 17732825 19905728 9866496 3518323 
How to create an integer,create integer,2019-08-20 04:20:54.896,5,,4,3815194 3815223 9749510 12557979 12139808 
transferFrom java nio loop,transferfrom java nio loop,2019-08-21 09:22:30.804,5,,4,30688709 16581811 34959083 30797281 39484572 
How do I press a button in Java Swing when I press enter?,press button java swing press enter,2019-08-16 21:46:49.878,5,,4,3634622 8585752 9140883 10794028 4810961 
How to expand environment variables in a string using .NET?,expand environment variables string using net,2019-08-19 01:31:34.947,5,not_java,4,15365315 49666183 4736825 36071810 11552058 
How to implement a method?,implement method,2019-08-19 08:11:56.468,10,,4,18644214 18644211 26791247 10227665 26791216 18489998 24648208 7666716 42174251 
android view,,2019-08-17 04:13:08.862,5,,4,42666192 19604936 31829770 31814391 38608067 
how to parse html in java ?,parse html java,2019-08-17 04:00:51.04,5,,4,1498008 3507394 39241141 24225133 16655019 
Convert string to a number,convert string number,2019-08-14 17:36:37.897,5,,4,46227128 19103110 19103118 40700694 39011912 
how to download a csv file,download csv file,2019-08-20 05:52:32.306,5,,4,24279142 21400955 5156165 3167913 14403171 
swap2number without using third variable,swap2number without using third variable,2019-08-21 07:18:35.231,5,,4,18528928 24278096 35038578 19218009 19218289 
How to write a hello world program,write hello world program,2019-08-20 05:32:00.326,5,,4,6309975 11059991 23285312 17672275 
how to add an element to array,add element array,2019-08-21 03:30:12.405,5,duplicated,4,7514938 12949821 16437891 11638153 29172210 
get sum of array,get sum array,2019-08-30 11:03:25.863,10,,4,49930158 35947682 21641864 36070374 48013324 17846344 48013328 40778897 4550688 4550690 
Dijkstras shortest path algorithm,dijkstra shortest path algorithm,2019-08-21 04:05:13.893,5,duplicated,4,32712316 32713611 5234608 28420443 17480244 
how to insert an element array in a given position,insert element array given position,2019-08-21 14:50:45.113,5,duplicated,4,27906868 8719442 11638153 7970968 15365427 
what is an iterator,iterator,2019-08-18 09:26:24.931,10,,4,41878261 224675 35382080 31883436 35382076 24584503 11857866 11474356 23168510 17939167 
how to deserialize json string to object with jackson,deserialize json string object jackson,2019-08-18 11:55:13.917,5,,4,30352315 23523183 20153790 11668644 8387490 
url to absolute path,url absolute path,2019-10-07 10:31:40.247,10,,4,3907163 32745043 17195358 3631670 30844308 31650123 4584415 45782699 30930794 30844336 
how to create a SAM,create sam,2019-08-21 06:27:58.507,5,duplicated,4,47818178 32309268 32336075 47124401 47287253 
remove duplicate elements from array,remove duplicate elements array,2019-08-30 04:30:14.487,5,duplicated,4,10370766 10366918 34825978 20395952 44558209 
amex card rest api,amex card rest api,2019-08-22 04:06:32.986,10,,4,43086628 19467160 36304653 3320735 38913047 28207827 27700505 25063015 33005648 36308149 
perform regex to extract date from string,perform regex extract date string,2019-08-15 04:33:47.204,10,duplicated,4,41679010 6807481 34830332 12948521 18591454 17011654 16383909 15565808 41679009 10904035 
connect to multiple monitors displays,connect multiple monitors displays,2019-08-18 20:53:47.478,5,,4,18552190 7455273 25179848 18301855 10890186 
How to merge two objects in Javascript,merge two objects javascript,2019-08-14 12:44:18.362,5,not_java,4,10947624 20911329 26896042 6591712 14339076 
What is the syntax for a method reference,syntax method reference,2019-08-19 14:34:00.516,5,,4,27534725 27015700 42944083 43195116 25680402 
how to insert an element array in a given position,insert element array given position,2019-08-21 15:56:00.4,5,duplicated,4,27906868 8719442 11638153 7970968 15365427 
How to remove an element from an array?,remove element array,2019-08-18 22:34:01.279,5,duplicated,4,11727522 3663949 10714351 25731624 11727508 
How to find the largest product of two numbers less than 1000 that is,find largest product two numbers less,2019-08-14 23:29:05.68,5,,4,16088306 12988561 37429121 17379043 28845260 
collection java,,2019-08-20 10:52:40.875,5,,4,24401967 2754944 3599252 20583621 3969631 
Sort intergers from highest to lowest,sort intergers highest lowest,2019-08-20 11:13:01.361,5,,4,20251910 4017752 7787780 9791300 29217128 
create text file,,2019-08-20 11:24:40.885,5,,4,2885243 30712566 24140343 44841992 27417013 
How Can i protect my Post Route,protect post route,2019-08-22 13:42:34.144,10,,4,26251419 3734468 23343251 40966481 2461557 3734185 35267138 8169650 10444003 36868787 
