snippet_id,baseline,readability_score
2,stackoverflow,0.7902095913887024
2,chatgpt,0.8234267234802246
2,chatgpt2025,0.544337809085846
2,deepseek,0.5969091653823853
2,Gemini,0.6804217994213104
3,stackoverflow,0.5295140147209167
3,chatgpt,0.3264996409416199
3,chatgpt2025,0.659164309501648
3,deepseek,0.48403823375701904
3,Gemini,0.48541146516799927
4,stackoverflow,0.3914321959018707
4,chatgpt,0.9093189835548401
4,chatgpt2025,0.7352115511894226
4,deepseek,0.7819128036499023
4,Gemini,0.7239918112754822
5,stackoverflow,0.980082094669342
5,chatgpt,0.9132051467895508
5,chatgpt2025,0.9703037738800049
5,deepseek,0.9819299578666687
5,Gemini,0.9756774306297302
6,stackoverflow,0.8053920865058899
6,chatgpt,0.9045670032501221
6,chatgpt2025,0.6987017273902894
6,deepseek,0.8142213523387909
6,Gemini,0.9560791850090027
8,stackoverflow,0.5436446070671082
8,chatgpt,0.1375979632139206
8,chatgpt2025,0.5850721995035807
8,deepseek,0.7459412515163422
8,Gemini,0.6047587650162833
9,stackoverflow,0.794156551361084
9,chatgpt,0.814971387386322
9,chatgpt2025,0.38686510920524597
9,deepseek,0.7888939082622528
9,Gemini,0.576431155204773
10,stackoverflow,
10,chatgpt,0.8411022226015726
10,chatgpt2025,0.8940286934375763
10,deepseek,
10,Gemini,0.8160740882158279
11,stackoverflow,0.18419215828180313
11,chatgpt,0.7805394530296326
11,chatgpt2025,0.665314237276713
11,deepseek,0.682175612449646
11,Gemini,0.48657478019595146
12,stackoverflow,0.8030802309513092
12,chatgpt,0.8125013560056686
12,chatgpt2025,0.5452185332775116
12,deepseek,0.6358926792939504
12,Gemini,0.6336747854948044
13,stackoverflow,0.7600588768720626
13,chatgpt,0.8741070628166199
13,chatgpt2025,0.00813669990748167
13,deepseek,0.44538021087646484
13,Gemini,0.13030405342578888
14,stackoverflow,0.8082267045974731
14,chatgpt,0.8248171210289001
14,chatgpt2025,0.676642894744873
14,deepseek,0.7319386601448059
14,Gemini,0.6560856103897095
15,stackoverflow,0.5241473913192749
15,chatgpt,0.1031934842467308
15,chatgpt2025,0.43155911564826965
15,deepseek,0.7280198335647583
15,Gemini,0.7236471176147461
16,stackoverflow,0.8695598244667053
16,chatgpt,0.918632835149765
16,chatgpt2025,0.9104708135128021
16,deepseek,0.9369353652000427
16,Gemini,0.6347575783729553
17,stackoverflow,0.7264467477798462
17,chatgpt,0.8308210968971252
17,chatgpt2025,0.8194099068641663
17,deepseek,0.7105965614318848
17,Gemini,0.6920242607593536
18,stackoverflow,0.9585912823677063
18,chatgpt,0.8428369760513306
18,chatgpt2025,0.5073450803756714
18,deepseek,0.8537590503692627
18,Gemini,0.7818674445152283
19,stackoverflow,0.819564938545227
19,chatgpt,0.7897456288337708
19,chatgpt2025,0.6256024837493896
19,deepseek,0.6808261275291443
19,Gemini,0.7235099375247955
20,stackoverflow,0.7370837926864624
20,chatgpt,0.8470927476882935
20,chatgpt2025,0.7168387174606323
20,deepseek,0.8144946098327637
20,Gemini,0.8193833231925964
23,stackoverflow,0.8241274555524191
23,chatgpt,0.7876464426517487
23,chatgpt2025,0.8805126945177714
23,deepseek,0.8462992906570435
23,Gemini,0.7133800983428955
25,stackoverflow,0.8158745169639587
25,chatgpt,0.7244053483009338
25,chatgpt2025,0.8629522919654846
25,deepseek,0.7526828348636627
25,Gemini,0.607820987701416
26,stackoverflow,0.685586134592692
26,chatgpt,0.6523847579956055
26,chatgpt2025,0.7489012479782104
26,deepseek,0.4365737736225128
26,Gemini,0.7689952254295349
27,stackoverflow,0.6966077387332916
27,chatgpt,0.8230189085006714
27,chatgpt2025,0.7516880631446838
27,deepseek,0.618857204914093
27,Gemini,0.7437984943389893
28,stackoverflow,0.9591794610023499
28,chatgpt,0.7280279994010925
28,chatgpt2025,0.26897940039634705
28,deepseek,0.6113169689973196
28,Gemini,0.503452479839325
29,stackoverflow,0.8093027243247399
29,chatgpt,0.8878450691699982
29,chatgpt2025,0.8818926811218262
29,deepseek,0.8694004714488983
29,Gemini,0.8854162096977234
30,stackoverflow,0.6465423703193665
30,chatgpt,0.8146766424179077
30,chatgpt2025,0.9247745275497437
30,deepseek,0.7511458024382591
30,Gemini,0.9352832502788968
31,stackoverflow,0.9474787712097168
31,chatgpt,0.9271762371063232
31,chatgpt2025,0.8701176047325134
31,deepseek,0.9271762371063232
31,Gemini,0.9662182331085205
32,stackoverflow,0.8556680679321289
32,chatgpt,0.5781847536563873
32,chatgpt2025,0.6139552593231201
32,deepseek,0.7636748790740967
32,Gemini,0.45885996023813885
33,stackoverflow,0.6861723139882088
33,chatgpt,0.7853522896766663
33,chatgpt2025,0.6897941827774048
33,deepseek,0.6327197849750519
33,Gemini,0.6247259974479675
34,stackoverflow,0.8749666810035706
34,chatgpt,0.8977947235107422
34,chatgpt2025,0.7973571419715881
34,deepseek,0.8888748288154602
34,Gemini,0.7811602354049683
35,stackoverflow,0.5957268476486206
35,chatgpt,0.4691489338874817
35,chatgpt2025,
35,deepseek,0.574455976486206
35,Gemini,0.6086833477020264
36,stackoverflow,0.7992921471595764
36,chatgpt,0.8348605334758759
36,chatgpt2025,0.7506241003672282
36,deepseek,0.7817030429840088
36,Gemini,0.769784186567579
37,stackoverflow,0.8356860876083374
37,chatgpt,0.8933615684509277
37,chatgpt2025,0.9310271739959717
37,deepseek,0.9422418475151062
37,Gemini,0.9772430658340454
38,stackoverflow,0.6221279799938202
38,chatgpt,0.3838709890842438
38,chatgpt2025,0.7477511167526245
38,deepseek,0.656577467918396
38,Gemini,0.21799322962760925
39,stackoverflow,0.6968846321105957
39,chatgpt,0.3352329432964325
39,chatgpt2025,0.5558381080627441
39,deepseek,0.6158744692802429
39,Gemini,0.5735427588224411
40,stackoverflow,0.920362651348114
40,chatgpt,0.8255199591318766
40,chatgpt2025,0.7794154137372971
40,deepseek,0.7427282571792603
40,Gemini,0.7188942730426788
41,stackoverflow,0.3558463752269745
41,chatgpt,0.7253403663635254
41,chatgpt2025,0.5187176465988159
41,deepseek,0.6686518788337708
41,Gemini,0.5736388266086578
42,stackoverflow,0.7873510122299194
42,chatgpt,0.8561930358409882
42,chatgpt2025,0.7266204953193665
42,deepseek,0.7040207982063293
42,Gemini,0.7232075333595276
43,stackoverflow,0.7202749252319336
43,chatgpt,0.9116147458553314
43,chatgpt2025,0.9178541898727417
43,deepseek,0.927287369966507
43,Gemini,0.7854732275009155
44,stackoverflow,0.33637335896492004
44,chatgpt,0.5250257849693298
44,chatgpt2025,0.17347730696201324
44,deepseek,0.5508914589881897
44,Gemini,0.6581833958625793
45,stackoverflow,0.45447978377342224
45,chatgpt,0.9243377447128296
45,chatgpt2025,0.5708470344543457
45,deepseek,0.5087220072746277
45,Gemini,0.5704216361045837
46,stackoverflow,0.9765915870666504
46,chatgpt,0.9081781307856241
46,chatgpt2025,0.8861170411109924
46,deepseek,0.8857337832450867
46,Gemini,0.658565029501915
47,stackoverflow,0.7219462990760803
47,chatgpt,0.8377405405044556
47,chatgpt2025,0.7015515565872192
47,deepseek,0.7554523348808289
47,Gemini,0.6479297280311584
48,stackoverflow,0.8565148115158081
48,chatgpt,0.8975847661495209
48,chatgpt2025,0.9068182905515035
48,deepseek,0.8801656365394592
48,Gemini,0.9474840462207794
49,stackoverflow,0.5770173668861389
49,chatgpt,0.7295771241188049
49,chatgpt2025,0.7295771241188049
49,deepseek,0.4785972833633423
49,Gemini,0.5453668236732483
50,stackoverflow,0.8952666521072388
50,chatgpt,0.4447648525238037
50,chatgpt2025,0.9242251912752787
50,deepseek,0.7376749515533447
50,Gemini,0.8539835214614868
51,stackoverflow,0.42139628529548645
51,chatgpt,0.5718246698379517
51,chatgpt2025,0.15738511085510254
51,deepseek,0.23120442032814026
51,Gemini,0.3418615460395813
52,stackoverflow,0.998376876115799
52,chatgpt,0.9733410875002543
52,chatgpt2025,0.8974635750055313
52,deepseek,0.7777784466743469
52,Gemini,0.8659932812054952
53,stackoverflow,0.5282151848077774
53,chatgpt,0.5766083002090454
53,chatgpt2025,0.5744485855102539
53,deepseek,0.31618475914001465
53,Gemini,0.004440038464963436
55,stackoverflow,0.6467168927192688
55,chatgpt,0.4847383499145508
55,chatgpt2025,0.8758459091186523
55,deepseek,0.9006049633026123
55,Gemini,0.8158665299415588
56,stackoverflow,0.7762598395347595
56,chatgpt,0.7059114575386047
56,chatgpt2025,0.4133342206478119
56,deepseek,0.43380099534988403
56,Gemini,0.762675404548645
57,stackoverflow,0.7807206710179647
57,chatgpt,0.8439955711364746
57,chatgpt2025,0.8076273560523987
57,deepseek,0.667344868183136
57,Gemini,0.9527161121368408
58,stackoverflow,0.5723649263381958
58,chatgpt,0.2576068341732025
58,chatgpt2025,0.4312794804573059
58,deepseek,0.08925044536590576
58,Gemini,0.5974933505058289
59,stackoverflow,0.7989005446434021
59,chatgpt,0.6689294576644897
59,chatgpt2025,0.6872962117195129
59,deepseek,0.7404604554176331
59,Gemini,0.5557085275650024
60,stackoverflow,0.20052292943000793
60,chatgpt,0.12595547558157705
60,chatgpt2025,0.1252976953983307
60,deepseek,0.49608033895492554
60,Gemini,0.3415767351786296
61,stackoverflow,0.7407745718955994
61,chatgpt,0.8500866293907166
61,chatgpt2025,0.8541525602340698
61,deepseek,0.9502483010292053
61,Gemini,0.9236855506896973
62,stackoverflow,0.21452519297599792
62,chatgpt,0.08778233826160431
62,chatgpt2025,0.3912850022315979
62,deepseek,0.09515830874443054
62,Gemini,0.3827981948852539
63,stackoverflow,0.8415842056274414
63,chatgpt,0.8137702941894531
63,chatgpt2025,0.7064851522445679
63,deepseek,0.5076892375946045
63,Gemini,0.16749626398086548
64,stackoverflow,0.4946443736553192
64,chatgpt,0.7743307948112488
64,chatgpt2025,0.8570368885993958
64,deepseek,0.7980833649635315
64,Gemini,0.282875657081604
65,stackoverflow,0.5651283264160156
65,chatgpt,0.30179738998413086
65,chatgpt2025,0.4267005920410156
65,deepseek,0.5196588039398193
65,Gemini,0.49055278301239014
66,stackoverflow,0.1371505856513977
66,chatgpt,0.7364357113838196
66,chatgpt2025,0.7593943476676941
66,deepseek,0.8572208881378174
66,Gemini,0.7951144576072693
67,stackoverflow,0.4650389850139618
67,chatgpt,0.7807338237762451
67,chatgpt2025,0.6979795694351196
67,deepseek,0.6556359529495239
67,Gemini,0.46719348430633545
68,stackoverflow,0.7749466598033905
68,chatgpt,0.6940569877624512
68,chatgpt2025,0.905013918876648
68,deepseek,0.8523745536804199
68,Gemini,0.7508168816566467
69,stackoverflow,0.6682325005531311
69,chatgpt,0.6156305074691772
69,chatgpt2025,0.5762526988983154
69,deepseek,0.5597475171089172
69,Gemini,0.16408608853816986
70,stackoverflow,0.9009175300598145
70,chatgpt,0.8791660666465759
70,chatgpt2025,0.9006086587905884
70,deepseek,0.8747195601463318
70,Gemini,0.880445122718811
71,stackoverflow,0.5270296931266785
71,chatgpt,0.665492594242096
71,chatgpt2025,0.7116985321044922
71,deepseek,0.7835391759872437
71,Gemini,0.5774006843566895
72,stackoverflow,0.9118351936340332
72,chatgpt,0.8971692323684692
72,chatgpt2025,0.8159677982330322
72,deepseek,0.8686280846595764
72,Gemini,0.6522680521011353
74,stackoverflow,0.6746726234753927
74,chatgpt,0.5500750318169594
74,chatgpt2025,0.7093506554762522
74,deepseek,0.7860253469811546
74,Gemini,0.7244907021522522
75,stackoverflow,0.7112293243408203
75,chatgpt,0.6476771235466003
75,chatgpt2025,0.5757365226745605
75,deepseek,0.6492648720741272
75,Gemini,0.6123671531677246
76,stackoverflow,0.9437513798475266
76,chatgpt,0.9142743051052094
76,chatgpt2025,0.9123382866382599
76,deepseek,0.9001781642436981
76,Gemini,0.8881479352712631
79,stackoverflow,0.8407015800476074
79,chatgpt,0.7470418810844421
79,chatgpt2025,0.7161304354667664
79,deepseek,0.6379319429397583
79,Gemini,0.618403285741806
80,stackoverflow,0.38695114850997925
80,chatgpt,0.5290238261222839
80,chatgpt2025,0.7046788930892944
80,deepseek,0.7353359460830688
80,Gemini,0.43684136867523193
81,stackoverflow,0.7347922921180725
81,chatgpt,0.8720434904098511
81,chatgpt2025,0.7276278138160706
81,deepseek,0.6068528890609741
81,Gemini,0.3186429440975189
82,stackoverflow,0.7162238359451294
82,chatgpt,0.6959118247032166
82,chatgpt2025,0.6770759224891663
82,deepseek,0.320024698972702
82,Gemini,0.8001017570495605
83,stackoverflow,0.6561691164970398
83,chatgpt,0.7172712087631226
83,chatgpt2025,0.8088611364364624
83,deepseek,0.6835936307907104
83,Gemini,0.7124050259590149
84,stackoverflow,0.5510932803153992
84,chatgpt,0.6197977662086487
84,chatgpt2025,0.8750706911087036
84,deepseek,0.8218291401863098
84,Gemini,0.6537384788195292
85,stackoverflow,0.8643467426300049
85,chatgpt,0.7790613174438477
85,chatgpt2025,0.8047612309455872
85,deepseek,0.8062068223953247
85,Gemini,0.53156977891922
86,stackoverflow,0.7887694835662842
86,chatgpt,0.8526555299758911
86,chatgpt2025,0.903255820274353
86,deepseek,0.8946375846862793
86,Gemini,0.8832841515541077
87,stackoverflow,0.6041643023490906
87,chatgpt,0.7728367149829865
87,chatgpt2025,
87,deepseek,
87,Gemini,0.6873237490653992
88,stackoverflow,0.5447552725672722
88,chatgpt,0.7254282534122467
88,chatgpt2025,0.753462165594101
88,deepseek,0.8218779861927032
88,Gemini,0.7485117316246033
89,stackoverflow,0.7829540570576986
89,chatgpt,0.5970470905303955
89,chatgpt2025,0.6781587600708008
89,deepseek,0.4392758905887604
89,Gemini,0.3504849970340729
90,stackoverflow,0.8593631982803345
90,chatgpt,0.8141270279884338
90,chatgpt2025,0.843761682510376
90,deepseek,0.9507085680961609
90,Gemini,0.8263461589813232
91,stackoverflow,0.8082462549209595
91,chatgpt,0.5568108558654785
91,chatgpt2025,0.630324125289917
91,deepseek,0.43458589911460876
91,Gemini,0.8850830554962158
92,stackoverflow,0.8633539974689484
92,chatgpt,0.5074554085731506
92,chatgpt2025,0.7647814154624939
92,deepseek,0.5380739569664001
92,Gemini,0.8691427111625671
93,stackoverflow,0.756172239780426
93,chatgpt,0.8070361018180847
93,chatgpt2025,0.943218469619751
93,deepseek,0.8640662431716919
93,Gemini,0.7814044952392578
94,stackoverflow,0.8549976604325431
94,chatgpt,0.8280920505523681
94,chatgpt2025,0.8972914516925812
94,deepseek,0.8639687746763229
94,Gemini,0.866251505083508
95,stackoverflow,0.28035619854927063
95,chatgpt,0.7382626533508301
95,chatgpt2025,0.6986618041992188
95,deepseek,0.8642367521921793
95,Gemini,0.720088541507721
96,stackoverflow,0.9707000255584717
96,chatgpt,0.8717160820960999
96,chatgpt2025,0.8447235822677612
96,deepseek,0.8073694109916687
96,Gemini,0.8981345891952515
97,stackoverflow,0.002138965530321002
97,chatgpt,0.6236458420753479
97,chatgpt2025,0.6120392680168152
97,deepseek,0.258807510137558
97,Gemini,0.6599893470605215
98,stackoverflow,0.7760986685752869
98,chatgpt,0.8925073146820068
98,chatgpt2025,0.8502993583679199
98,deepseek,0.8898732960224152
98,Gemini,0.8322238922119141
99,stackoverflow,0.8795371055603027
99,chatgpt,0.9320448637008667
99,chatgpt2025,0.92701655626297
99,deepseek,0.9506276845932007
99,Gemini,0.8302331566810608
100,stackoverflow,0.44908666610717773
100,chatgpt,0.38244572281837463
100,chatgpt2025,0.19824089109897614
100,deepseek,0.36529484391212463
100,Gemini,0.3564563989639282
101,stackoverflow,0.6970607553209577
101,chatgpt,0.8289296627044678
101,chatgpt2025,0.8259389400482178
101,deepseek,0.8296465277671814
101,Gemini,0.2564387321472168
103,stackoverflow,0.9515328407287598
103,chatgpt,0.9392132759094238
103,chatgpt2025,0.9116155505180359
103,deepseek,0.8983484506607056
103,Gemini,0.8225279331207276
104,stackoverflow,0.7075576186180115
104,chatgpt,0.8710328936576843
104,chatgpt2025,0.6674332022666931
104,deepseek,0.776411235332489
104,Gemini,0.48889538645744324
105,stackoverflow,0.7219306826591492
105,chatgpt,0.843186616897583
105,chatgpt2025,0.9100707173347473
105,deepseek,0.8480668067932129
105,Gemini,0.7128873467445374
106,stackoverflow,0.762259821097056
106,chatgpt,0.8842349350452423
106,chatgpt2025,0.9042776226997375
106,deepseek,0.8853732347488403
106,Gemini,0.6660412847995758
108,stackoverflow,0.6846128702163696
108,chatgpt,0.17561574280261993
108,chatgpt2025,0.687977984547615
108,deepseek,0.7354350686073303
108,Gemini,0.85329270362854
109,stackoverflow,0.5882136821746826
109,chatgpt,0.8045198321342468
109,chatgpt2025,0.8919694721698761
109,deepseek,0.5476760864257812
109,Gemini,0.5223536416888237
110,stackoverflow,0.8562901020050049
110,chatgpt,0.7739694714546204
110,chatgpt2025,0.8992995619773865
110,deepseek,0.9466700553894043
110,Gemini,0.8405522108078003
111,stackoverflow,0.706907331943512
111,chatgpt,0.8158307075500488
111,chatgpt2025,0.7341136336326599
111,deepseek,0.7741400599479675
111,Gemini,0.6641538739204407
112,stackoverflow,0.880548357963562
112,chatgpt,0.8709264397621155
112,chatgpt2025,0.8253198266029358
112,deepseek,0.8542367815971375
112,Gemini,0.7696526646614075
113,stackoverflow,0.7569577693939209
113,chatgpt,0.8562667965888977
113,chatgpt2025,0.9814016222953796
113,deepseek,0.9266417026519775
113,Gemini,0.9466016888618469
114,stackoverflow,0.3167440891265869
114,chatgpt,0.7692711353302002
114,chatgpt2025,0.4536457657814026
114,deepseek,0.4680550992488861
114,Gemini,0.12394607067108154
115,stackoverflow,0.4040353000164032
115,chatgpt,0.6100306510925293
115,chatgpt2025,0.6483811140060425
115,deepseek,0.5176600813865662
115,Gemini,0.30676913261413574
118,stackoverflow,0.6017597913742065
118,chatgpt,0.5859630703926086
118,chatgpt2025,0.6986719965934753
118,deepseek,0.5836455225944519
118,Gemini,0.9020764410495759
119,stackoverflow,0.7614723742008209
119,chatgpt,0.7709083259105682
119,chatgpt2025,0.7760455012321472
119,deepseek,0.7986717820167542
119,Gemini,0.7255533933639526
120,stackoverflow,0.8201127052307129
120,chatgpt,0.8128902316093445
120,chatgpt2025,0.8259751200675964
120,deepseek,0.9086411595344543
120,Gemini,0.31109797954559326
121,stackoverflow,0.7328695257504781
121,chatgpt,0.6122062802314758
121,chatgpt2025,0.7278209328651428
121,deepseek,0.6456267237663269
121,Gemini,0.7957501411437988
122,stackoverflow,0.5625225901603699
122,chatgpt,0.7900243401527405
122,chatgpt2025,0.8717672228813171
122,deepseek,0.9000826478004456
122,Gemini,0.9174617528915405
123,stackoverflow,0.40510234236717224
123,chatgpt,0.5704053640365601
123,chatgpt2025,0.7481580376625061
123,deepseek,0.9058394432067871
123,Gemini,0.7855008840560913
124,stackoverflow,0.5564289689064026
124,chatgpt,0.7944052219390869
124,chatgpt2025,0.799284040927887
124,deepseek,0.7563460767269135
124,Gemini,0.6843770146369934
125,stackoverflow,0.9150446653366089
125,chatgpt,0.9183566570281982
125,chatgpt2025,0.9234139919281006
125,deepseek,0.9234139919281006
125,Gemini,0.9664137959480286
126,stackoverflow,0.6119134426116943
126,chatgpt,0.7213047742843628
126,chatgpt2025,0.8363534808158875
126,deepseek,0.6920487880706787
126,Gemini,0.871320515871048
127,stackoverflow,0.34277990460395813
127,chatgpt,0.48102355003356934
127,chatgpt2025,0.41881969571113586
127,deepseek,0.6611347198486328
127,Gemini,0.4928418695926666
128,stackoverflow,0.8164103627204895
128,chatgpt,0.5274319648742676
128,chatgpt2025,0.7814980745315552
128,deepseek,0.6027210354804993
128,Gemini,0.8087503910064697
129,stackoverflow,0.700433611869812
129,chatgpt,0.5485587120056152
129,chatgpt2025,0.7870013117790222
129,deepseek,0.5958049893379211
129,Gemini,0.30102014541625977
130,stackoverflow,0.7188918590545654
130,chatgpt,0.6861044466495514
130,chatgpt2025,0.8403640985488892
130,deepseek,0.6849409341812134
130,Gemini,0.694291353225708
131,stackoverflow,0.8432331681251526
131,chatgpt,0.888651430606842
131,chatgpt2025,0.8723498582839966
131,deepseek,0.8723498582839966
131,Gemini,0.8710446953773499
133,stackoverflow,0.6527532977232731
133,chatgpt,0.8653048276901245
133,chatgpt2025,0.8679530620574951
133,deepseek,0.9482887387275696
133,Gemini,0.6271006464958191
134,stackoverflow,0.6564313769340515
134,chatgpt,0.9114412665367126
134,chatgpt2025,0.9345855116844177
134,deepseek,0.658194899559021
134,Gemini,0.7215957045555115
135,stackoverflow,0.3815418481826782
135,chatgpt,0.6770205497741699
135,chatgpt2025,0.8204290270805359
135,deepseek,0.847283661365509
135,Gemini,0.2859326899051666
136,stackoverflow,0.9400410354137421
136,chatgpt,0.9524273872375488
136,chatgpt2025,0.6699621081352234
136,deepseek,0.9415262341499329
136,Gemini,0.9430082440376282
137,stackoverflow,0.6875087022781372
137,chatgpt,0.8804818093776703
137,chatgpt2025,0.8508986830711365
137,deepseek,0.9030157526334127
137,Gemini,0.775831013917923
138,stackoverflow,0.6511575281620026
138,chatgpt,0.8646730184555054
138,chatgpt2025,0.7476121187210083
138,deepseek,0.6291694641113281
138,Gemini,0.7890923619270325
139,stackoverflow,0.43801912665367126
139,chatgpt,0.7113351225852966
139,chatgpt2025,0.7457223534584045
139,deepseek,0.5019147396087646
139,Gemini,0.7755880653858185
140,stackoverflow,0.8208277225494385
140,chatgpt,0.7190190553665161
140,chatgpt2025,0.8859066963195801
140,deepseek,0.7928141951560974
140,Gemini,0.48582544387318194
141,stackoverflow,0.9058951735496521
141,chatgpt,0.5904521942138672
141,chatgpt2025,0.8761351704597473
141,deepseek,0.6504579782485962
141,Gemini,0.7340406179428101
142,stackoverflow,0.8379569053649902
142,chatgpt,0.4506842593352
142,chatgpt2025,0.7268884778022766
142,deepseek,0.5298550327618917
142,Gemini,0.5668079853057861
143,stackoverflow,0.6258451342582703
143,chatgpt,0.6252344250679016
143,chatgpt2025,0.7923199534416199
143,deepseek,0.7058355212211609
143,Gemini,0.5899957418441772
144,stackoverflow,0.8086157441139221
144,chatgpt,0.7712850570678711
144,chatgpt2025,0.7908223271369934
144,deepseek,0.7879128456115723
144,Gemini,0.9339690208435059
145,stackoverflow,0.6741465330123901
145,chatgpt,0.9299627542495728
145,chatgpt2025,0.8233689069747925
145,deepseek,0.8328114748001099
145,Gemini,0.905327320098877
146,stackoverflow,0.20784476399421692
146,chatgpt,0.5680545965830485
146,chatgpt2025,0.7928838282823563
146,deepseek,0.744964063167572
146,Gemini,0.6332514069297097
147,stackoverflow,0.6519059936205546
147,chatgpt,0.21292948722839355
147,chatgpt2025,0.7671942412853241
147,deepseek,0.7566114068031311
147,Gemini,0.5738787253697714
148,stackoverflow,0.7269917726516724
148,chatgpt,0.8449335694313049
148,chatgpt2025,0.9298928380012512
148,deepseek,0.9535856246948242
148,Gemini,0.886745035648346
149,stackoverflow,0.8989713609218597
149,chatgpt,0.6480204463005066
149,chatgpt2025,0.6010795831680298
149,deepseek,0.28820356726646423
149,Gemini,0.4243810474872589
150,stackoverflow,0.6776442570345742
150,chatgpt,0.555872559081763
150,chatgpt2025,0.7022919555505117
150,deepseek,0.46073390046755475
150,Gemini,0.7661405503749847
151,stackoverflow,0.2510102689266205
151,chatgpt,0.6954260468482971
151,chatgpt2025,0.8100060224533081
151,deepseek,0.8129567503929138
151,Gemini,0.6613403211037318
152,stackoverflow,
152,chatgpt,
152,chatgpt2025,
152,deepseek,
152,Gemini,
153,stackoverflow,0.8719052672386169
153,chatgpt,0.6522681713104248
153,chatgpt2025,0.7692519128322601
153,deepseek,0.8951032161712646
153,Gemini,0.38099921867251396
154,stackoverflow,0.7617305517196655
154,chatgpt,0.849945068359375
154,chatgpt2025,0.8107529878616333
154,deepseek,0.7504162192344666
154,Gemini,0.7080210447311401
155,stackoverflow,0.7705900073051453
155,chatgpt,0.560126006603241
155,chatgpt2025,0.6842624247074127
155,deepseek,0.6806230247020721
155,Gemini,0.7261186142762502
156,stackoverflow,0.9261808395385742
156,chatgpt,0.9834699630737305
156,chatgpt2025,0.922935426235199
156,deepseek,0.941097617149353
156,Gemini,0.864855945110321
157,stackoverflow,0.6353588700294495
157,chatgpt,0.8674342036247253
157,chatgpt2025,0.8525715470314026
157,deepseek,0.6109919548034668
157,Gemini,0.7209911346435547
158,stackoverflow,0.8570552468299866
158,chatgpt,0.8796330557929145
158,chatgpt2025,0.6223418116569519
158,deepseek,0.8677470088005066
158,Gemini,0.8879057690501213
159,stackoverflow,0.9359585046768188
159,chatgpt,0.9637023210525513
159,chatgpt2025,0.9699627757072449
159,deepseek,0.9015153646469116
159,Gemini,0.693358838558197
160,stackoverflow,0.3459073305130005
160,chatgpt,0.6131335496902466
160,chatgpt2025,0.8077871799468994
160,deepseek,0.8750149607658386
160,Gemini,0.597985565662384
161,stackoverflow,0.709248423576355
161,chatgpt,0.8023732304573059
161,chatgpt2025,0.7548040747642517
161,deepseek,0.7227650880813599
161,Gemini,0.6828361749649048
162,stackoverflow,0.7669400870800018
162,chatgpt,0.7977558970451355
162,chatgpt2025,0.8477408289909363
162,deepseek,0.6542972028255463
162,Gemini,0.7298966944217682
163,stackoverflow,0.8353486657142639
163,chatgpt,0.9114226698875427
163,chatgpt2025,0.9046143889427185
163,deepseek,0.7425248622894287
163,Gemini,0.7085331082344055
164,stackoverflow,0.9139707684516907
164,chatgpt,0.7437766194343567
164,chatgpt2025,0.7870284914970398
164,deepseek,0.6680274605751038
164,Gemini,0.6454762816429138
165,stackoverflow,0.7780056595802307
165,chatgpt,0.8512966434160868
165,chatgpt2025,0.9509593546390533
165,deepseek,0.9272056818008423
165,Gemini,0.7856874465942383
167,stackoverflow,0.837066650390625
167,chatgpt,0.7337936162948608
167,chatgpt2025,0.7935131788253784
167,deepseek,0.7047785520553589
167,Gemini,0.665469765663147
168,stackoverflow,0.9043425917625427
168,chatgpt,0.8842070698738098
168,chatgpt2025,0.8945618271827698
168,deepseek,0.8945379257202148
168,Gemini,0.891518235206604
169,stackoverflow,0.9518834352493286
169,chatgpt,0.7298934459686279
169,chatgpt2025,0.7890194654464722
169,deepseek,0.7630527019500732
169,Gemini,0.7872444987297058
170,stackoverflow,0.8646866083145142
170,chatgpt,0.6882079243659973
170,chatgpt2025,0.7345389127731323
170,deepseek,0.5487216711044312
170,Gemini,0.6312770843505859
171,stackoverflow,0.9323955774307251
171,chatgpt,0.4870777130126953
171,chatgpt2025,0.9639531373977661
171,deepseek,0.8252933621406555
171,Gemini,0.660932183265686
172,stackoverflow,0.23251663148403168
172,chatgpt,0.7962912917137146
172,chatgpt2025,0.8761849403381348
172,deepseek,0.8755685687065125
172,Gemini,0.7633517980575562
173,stackoverflow,0.760207936167717
173,chatgpt,0.6266151879514966
173,chatgpt2025,0.8074381351470947
173,deepseek,0.6521709135600499
173,Gemini,0.8693033371652875
174,stackoverflow,0.6015315055847168
174,chatgpt,0.6896131038665771
174,chatgpt2025,0.4707123637199402
174,deepseek,0.677707850933075
174,Gemini,0.7262933850288391
175,stackoverflow,0.6770193576812744
175,chatgpt,0.8184105157852173
175,chatgpt2025,0.8597636818885803
175,deepseek,0.9031846523284912
175,Gemini,0.6468396484851837
176,stackoverflow,0.3931944668292999
176,chatgpt,0.7575656175613403
176,chatgpt2025,0.44491252303123474
176,deepseek,0.6521709135600499
176,Gemini,0.40942317247390747
177,stackoverflow,0.3858741521835327
177,chatgpt,0.7258708477020264
177,chatgpt2025,0.7216057181358337
177,deepseek,0.6822199821472168
177,Gemini,0.325042188167572
178,stackoverflow,0.8687579035758972
178,chatgpt,0.8856424689292908
178,chatgpt2025,0.8910190165042877
178,deepseek,0.9058628082275391
178,Gemini,0.6437220424413681
179,stackoverflow,0.2926279604434967
179,chatgpt,0.9280915558338165
179,chatgpt2025,0.8993197878201803
179,deepseek,0.9151906967163086
179,Gemini,0.8792532533407211
180,stackoverflow,0.9186677932739258
180,chatgpt,0.43225333094596863
180,chatgpt2025,0.5170536637306213
180,deepseek,0.6714023351669312
180,Gemini,0.5384897987047831
181,stackoverflow,0.927749514579773
181,chatgpt,0.9109922051429749
181,chatgpt2025,0.692345380783081
181,deepseek,0.9071653485298157
181,Gemini,0.8054417371749878
182,stackoverflow,0.8557649850845337
182,chatgpt,0.869531512260437
182,chatgpt2025,0.7803840041160583
182,deepseek,0.8709072470664978
182,Gemini,0.6655344367027283
183,stackoverflow,0.9362584352493286
183,chatgpt,0.7869611978530884
183,chatgpt2025,0.7108095288276672
183,deepseek,0.7997469902038574
183,Gemini,0.7702305316925049
185,stackoverflow,0.12505345046520233
185,chatgpt,0.46450328826904297
185,chatgpt2025,0.5600848197937012
185,deepseek,0.09830587357282639
185,Gemini,0.5353987216949463
186,stackoverflow,0.981457382440567
186,chatgpt,0.9417035579681396
186,chatgpt2025,0.898466169834137
186,deepseek,0.9495694637298584
186,Gemini,0.9536046981811523
187,stackoverflow,0.7486304342746735
187,chatgpt,0.5815570056438446
187,chatgpt2025,0.8314204514026642
187,deepseek,0.4899218678474426
187,Gemini,0.8683614929517111
188,stackoverflow,0.809050440788269
188,chatgpt,0.9041035175323486
188,chatgpt2025,0.8835640549659729
188,deepseek,0.8748043775558472
188,Gemini,0.6574796438217163
189,stackoverflow,0.5985589623451233
189,chatgpt,0.7843534350395203
189,chatgpt2025,0.7592611312866211
189,deepseek,0.7550293803215027
189,Gemini,0.5699272155761719
190,stackoverflow,0.9297229647636414
190,chatgpt,0.9150068759918213
190,chatgpt2025,0.9548763036727905
190,deepseek,0.8484756946563721
190,Gemini,0.9022390246391296
191,stackoverflow,0.9481212496757507
191,chatgpt,0.9055144190788269
191,chatgpt2025,0.9942757487297058
191,deepseek,0.9819064736366272
191,Gemini,0.9257618188858032
192,stackoverflow,0.8063289761543274
192,chatgpt,0.8566568692525228
192,chatgpt2025,0.6873816028237343
192,deepseek,0.7327063679695129
192,Gemini,0.6205757595598698
193,stackoverflow,0.1984696788713336
193,chatgpt,0.5945475697517395
193,chatgpt2025,0.5773419141769409
193,deepseek,0.620485782623291
193,Gemini,0.7143184423446656
194,stackoverflow,0.4022378921508789
194,chatgpt,0.6584921181201935
194,chatgpt2025,0.8312841057777405
194,deepseek,0.8309553265571594
194,Gemini,0.3488749563694
195,stackoverflow,0.8819019198417664
195,chatgpt,0.7201058864593506
195,chatgpt2025,0.7899283766746521
195,deepseek,0.8740639686584473
195,Gemini,0.8887991607189178
196,stackoverflow,0.9554695248603821
196,chatgpt,0.8928138256072998
196,chatgpt2025,0.8952829241752625
196,deepseek,0.8269483745098114
196,Gemini,0.8092936426401138
197,stackoverflow,0.9596456289291382
197,chatgpt,0.9826348423957825
197,chatgpt2025,0.9814406037330627
197,deepseek,0.970679759979248
197,Gemini,0.6787234544754028
198,stackoverflow,0.8802664875984192
198,chatgpt,0.6899617910385132
198,chatgpt2025,0.7837412357330322
198,deepseek,0.8060178756713867
198,Gemini,0.774661660194397
199,stackoverflow,0.6793397068977356
199,chatgpt,0.834010899066925
199,chatgpt2025,0.7671082019805908
199,deepseek,0.6903290152549744
199,Gemini,0.6725811958312988
200,stackoverflow,0.5036211013793945
200,chatgpt,0.8251965045928955
200,chatgpt2025,0.8465400636196136
200,deepseek,0.8949705362319946
200,Gemini,0.44143556991184596
201,stackoverflow,
201,chatgpt,0.8822258114814758
201,chatgpt2025,0.7333493232727051
201,deepseek,0.7981282472610474
201,Gemini,0.8559979200363159
202,stackoverflow,0.5800178647041321
202,chatgpt,0.09227921813726425
202,chatgpt2025,0.682711124420166
202,deepseek,0.13226203620433807
202,Gemini,0.23811952769756317
203,stackoverflow,0.6694791316986084
203,chatgpt,0.314513623714447
203,chatgpt2025,0.6356951594352722
203,deepseek,0.5527472496032715
203,Gemini,0.6354230642318726
204,stackoverflow,0.7662587761878967
204,chatgpt,0.7734143137931824
204,chatgpt2025,0.8444889187812805
204,deepseek,0.8214213848114014
204,Gemini,0.7315716743469238
205,stackoverflow,0.7657507061958313
205,chatgpt,0.0856950581073761
205,chatgpt2025,0.5367223024368286
205,deepseek,0.07383158057928085
205,Gemini,0.6058763265609741
206,stackoverflow,0.325347900390625
206,chatgpt,0.563267171382904
206,chatgpt2025,0.572442352771759
206,deepseek,0.6474060416221619
206,Gemini,0.7487058639526367
207,stackoverflow,0.6693711280822754
207,chatgpt,0.5398780107498169
207,chatgpt2025,0.8058160543441772
207,deepseek,0.7652024626731873
207,Gemini,0.7149169445037842
208,stackoverflow,0.07541187107563019
208,chatgpt,0.6045621037483215
208,chatgpt2025,0.8981401920318604
208,deepseek,0.7833407521247864
208,Gemini,0.4147552102804184
209,stackoverflow,0.7849348187446594
209,chatgpt,0.22218894958496094
209,chatgpt2025,0.7277724146842957
209,deepseek,0.5649968981742859
209,Gemini,0.6181119680404663
210,stackoverflow,0.4193941354751587
210,chatgpt,0.070255346596241
210,chatgpt2025,0.8059165477752686
210,deepseek,0.9057226181030273
210,Gemini,0.531257430712382
212,stackoverflow,0.5056173801422119
212,chatgpt,0.6205430626869202
212,chatgpt2025,0.7254727482795715
212,deepseek,0.9086064100265503
212,Gemini,0.8131722410519918
213,stackoverflow,0.8716235160827637
213,chatgpt,0.8946288426717123
213,chatgpt2025,0.9050467610359192
213,deepseek,0.8909722367922465
213,Gemini,0.867261278629303
214,stackoverflow,0.8988631963729858
214,chatgpt,0.7955700159072876
214,chatgpt2025,0.6373975872993469
214,deepseek,0.7225909233093262
214,Gemini,0.793830931186676
215,stackoverflow,0.4242415949702263
215,chatgpt,0.3767351508140564
215,chatgpt2025,0.34897807240486145
215,deepseek,0.3101125955581665
215,Gemini,0.6891756653785706
216,stackoverflow,0.536429762840271
216,chatgpt,0.6774378418922424
216,chatgpt2025,0.873546302318573
216,deepseek,0.782406210899353
216,Gemini,0.6187554597854614
217,stackoverflow,0.4560793340206146
217,chatgpt,0.6321092844009399
217,chatgpt2025,0.8080796599388123
217,deepseek,0.5575294693311056
217,Gemini,0.2997633349150419
218,stackoverflow,0.8936453461647034
218,chatgpt,0.6758651733398438
218,chatgpt2025,0.7464582920074463
218,deepseek,0.6183341294527054
218,Gemini,0.6863964274525642
219,stackoverflow,0.7900348901748657
219,chatgpt,0.5187217593193054
219,chatgpt2025,0.6416127681732178
219,deepseek,0.6745873689651489
219,Gemini,0.45098206400871277
220,stackoverflow,0.7162687182426453
220,chatgpt,0.7074991464614868
220,chatgpt2025,0.7712351083755493
220,deepseek,0.7594751715660095
220,Gemini,0.9153558611869812
221,stackoverflow,0.4802481532096863
221,chatgpt,0.6762160658836365
221,chatgpt2025,0.5600774884223938
221,deepseek,0.7102754712104797
221,Gemini,0.6144947409629822
222,stackoverflow,0.7714965343475342
222,chatgpt,0.9054038013730731
222,chatgpt2025,0.7632949948310852
222,deepseek,0.8811489343643188
222,Gemini,0.7057985067367554
223,stackoverflow,0.5063318014144897
223,chatgpt,0.6119965314865112
223,chatgpt2025,0.7588620036840439
223,deepseek,0.2128855586051941
223,Gemini,0.5512587707489729
224,stackoverflow,0.3561828136444092
224,chatgpt,0.3453928530216217
224,chatgpt2025,0.6409116387367249
224,deepseek,0.8375177979469299
224,Gemini,0.7948941588401794
225,stackoverflow,0.8865084052085876
225,chatgpt,0.7044416069984436
225,chatgpt2025,0.32025352120399475
225,deepseek,0.8565548062324524
225,Gemini,0.4578576982021332
226,stackoverflow,0.2301221340894699
226,chatgpt,0.09690947830677032
226,chatgpt2025,0.44508832693099976
226,deepseek,0.41035106778144836
226,Gemini,0.62156642973423
227,stackoverflow,0.9108632206916809
227,chatgpt,0.705678403377533
227,chatgpt2025,0.9276793003082275
227,deepseek,0.8756988048553467
227,Gemini,0.8118174076080322
228,stackoverflow,0.6370328068733215
228,chatgpt,0.729328989982605
228,chatgpt2025,0.7644847631454468
228,deepseek,0.8270597457885742
228,Gemini,0.6998239159584045
229,stackoverflow,0.49114885926246643
229,chatgpt,0.6007939577102661
229,chatgpt2025,0.7478621900081635
229,deepseek,0.7367554903030396
229,Gemini,0.613988846540451
231,stackoverflow,0.887491762638092
231,chatgpt,0.8663642406463623
231,chatgpt2025,0.7528191208839417
231,deepseek,0.9058394432067871
231,Gemini,0.8317340612411499
232,stackoverflow,0.7053665518760681
232,chatgpt,0.12139629572629929
232,chatgpt2025,0.7689663767814636
232,deepseek,0.23830588161945343
232,Gemini,0.6943171262741089
233,stackoverflow,0.7000320553779602
233,chatgpt,0.5240600109100342
233,chatgpt2025,0.7955986261367798
233,deepseek,0.6879143118858337
233,Gemini,0.8171270191669464
235,stackoverflow,0.8502979278564453
235,chatgpt,0.9114963412284851
235,chatgpt2025,0.870389997959137
235,deepseek,0.8340479731559753
235,Gemini,0.9878182411193848
236,stackoverflow,0.5255561421314875
236,chatgpt,0.6161795854568481
236,chatgpt2025,0.7333862781524658
236,deepseek,0.7303205132484436
236,Gemini,0.7540983557701111
237,stackoverflow,0.8675210475921631
237,chatgpt,0.7697840929031372
237,chatgpt2025,0.9213338494300842
237,deepseek,0.9119242429733276
237,Gemini,0.9180561304092407
238,stackoverflow,0.8982673287391663
238,chatgpt,0.34080731868743896
238,chatgpt2025,0.7434021830558777
238,deepseek,0.6194271445274353
238,Gemini,0.7580435872077942
240,stackoverflow,0.8756733536720276
240,chatgpt,0.4494252949953079
240,chatgpt2025,0.8594544728597006
240,deepseek,0.8505086898803711
240,Gemini,0.6181976911094453
241,stackoverflow,0.6535584330558777
241,chatgpt,0.6915763020515442
241,chatgpt2025,0.6974180340766907
241,deepseek,0.8864367604255676
241,Gemini,0.7398269772529602
242,stackoverflow,0.8378656903902689
242,chatgpt,0.8960311114788055
242,chatgpt2025,0.7590492248535157
242,deepseek,0.7629035611947378
242,Gemini,0.644939790169398
243,stackoverflow,0.5638711452484131
243,chatgpt,0.5348803997039795
243,chatgpt2025,0.7081693410873413
243,deepseek,0.6320361495018005
243,Gemini,0.7102475166320801
244,stackoverflow,0.7519927024841309
244,chatgpt,0.8304060697555542
244,chatgpt2025,0.7817076742649078
244,deepseek,0.8230013251304626
244,Gemini,0.6903662085533142
245,stackoverflow,0.09227236360311508
245,chatgpt,0.4050692021846771
245,chatgpt2025,0.8583809733390808
245,deepseek,0.8801313042640686
245,Gemini,0.970425009727478
246,stackoverflow,0.7008886337280273
246,chatgpt,0.709559440612793
246,chatgpt2025,0.7074460387229919
246,deepseek,0.5539409518241882
246,Gemini,0.665664553642273
247,stackoverflow,0.8236490845680237
247,chatgpt,0.9052867293357849
247,chatgpt2025,0.8594251573085785
247,deepseek,0.9294940233230591
247,Gemini,0.8429000973701477
248,stackoverflow,0.9040924310684204
248,chatgpt,0.8717420101165771
248,chatgpt2025,0.9318010210990906
248,deepseek,0.9502483010292053
248,Gemini,0.7814507484436035
249,stackoverflow,0.9007946848869324
249,chatgpt,0.8833723664283752
249,chatgpt2025,0.8226795196533203
249,deepseek,0.8441236615180969
249,Gemini,0.7741796374320984
250,stackoverflow,0.8138337797588773
250,chatgpt,0.8991522669792176
250,chatgpt2025,0.8315794914960861
250,deepseek,0.7303062677383423
250,Gemini,0.7247707426548005
251,stackoverflow,0.6888625025749207
251,chatgpt,0.6788346767425537
251,chatgpt2025,0.7168324947357178
251,deepseek,0.7181529104709625
251,Gemini,0.754626989364624
252,stackoverflow,0.39770323038101196
252,chatgpt,0.3900512754917145
252,chatgpt2025,0.4497329294681549
252,deepseek,0.24565386772155762
252,Gemini,0.28367161750793457
253,stackoverflow,0.6637537628412247
253,chatgpt,0.7208728790283203
253,chatgpt2025,0.7566186189651489
253,deepseek,0.6227142810821533
253,Gemini,0.6726858019828796
254,stackoverflow,0.9313926815986633
254,chatgpt,0.8379203279813131
254,chatgpt2025,0.8404227495193481
254,deepseek,0.7290158569812775
254,Gemini,0.8717081099748611
256,stackoverflow,0.8849712014198303
256,chatgpt,0.5569341778755188
256,chatgpt2025,0.8285874128341675
256,deepseek,0.7199457287788391
256,Gemini,0.7866232395172119
257,stackoverflow,0.9536500374476115
257,chatgpt,0.5344926938414574
257,chatgpt2025,0.8876996437708536
257,deepseek,0.8437149167060852
257,Gemini,0.8895507454872131
258,stackoverflow,0.5026804208755493
258,chatgpt,0.4524843096733093
258,chatgpt2025,0.7352780699729919
258,deepseek,0.5112821757793427
258,Gemini,0.6529323011636734
259,stackoverflow,0.9999933242797852
259,chatgpt,0.8679884771505991
259,chatgpt2025,0.9414109090963999
259,deepseek,0.8803065078599113
259,Gemini,0.943069841180529
260,stackoverflow,0.5894325971603394
260,chatgpt,0.3315826952457428
260,chatgpt2025,0.6788544058799744
260,deepseek,0.5747703909873962
260,Gemini,0.6058260798454285
261,stackoverflow,0.8699105978012085
261,chatgpt,0.5559834241867065
261,chatgpt2025,0.9557830691337585
261,deepseek,0.9361520409584045
261,Gemini,0.9600507020950317
262,stackoverflow,0.42204710841178894
262,chatgpt,0.47473156452178955
262,chatgpt2025,0.5562995076179504
262,deepseek,0.5280806422233582
262,Gemini,0.44715416431427
263,stackoverflow,0.5585803389549255
263,chatgpt,0.4264043867588043
263,chatgpt2025,0.7220665812492371
263,deepseek,0.56554114818573
263,Gemini,0.7229814194142818
264,stackoverflow,0.5195081830024719
264,chatgpt,0.6236235499382019
264,chatgpt2025,0.9094248041510582
264,deepseek,0.8425567706425985
264,Gemini,0.6724019646644592
265,stackoverflow,0.8014652729034424
265,chatgpt,0.7686449289321899
265,chatgpt2025,0.8388149738311768
265,deepseek,0.7349119782447815
265,Gemini,0.8003759980201721
266,stackoverflow,0.4499126374721527
266,chatgpt,0.542854368686676
266,chatgpt2025,0.20375873148441315
266,deepseek,0.9106082320213318
266,Gemini,0.6807488203048706
267,stackoverflow,0.18449851870536804
267,chatgpt,0.7759096622467041
267,chatgpt2025,0.7454593777656555
267,deepseek,0.7313948273658752
267,Gemini,0.6021988987922668
268,stackoverflow,0.7433363199234009
268,chatgpt,0.7327234745025635
268,chatgpt2025,0.7853822112083435
268,deepseek,0.6687526702880859
268,Gemini,0.6702951192855835
269,stackoverflow,0.8769181370735168
269,chatgpt,0.9023450613021851
269,chatgpt2025,0.8985247611999512
269,deepseek,0.8585831522941589
269,Gemini,0.37949275970458984
271,stackoverflow,0.7905753254890442
271,chatgpt,0.6140612363815308
271,chatgpt2025,0.6982419490814209
271,deepseek,0.72475266456604
271,Gemini,0.48176446557044983
272,stackoverflow,0.32460930943489075
272,chatgpt,0.6854199171066284
272,chatgpt2025,0.6743211150169373
272,deepseek,0.5883931517601013
272,Gemini,0.8149477243423462
273,stackoverflow,0.2658539116382599
273,chatgpt,0.8951377868652344
273,chatgpt2025,0.8229573965072632
273,deepseek,0.7811697721481323
273,Gemini,0.8222016096115112
274,stackoverflow,0.6891235113143921
274,chatgpt,0.8933993180592855
274,chatgpt2025,0.9030112028121948
274,deepseek,0.4827674925327301
274,Gemini,0.7376315742731094
276,stackoverflow,0.8025882244110107
276,chatgpt,0.8520601987838745
276,chatgpt2025,0.8015146851539612
276,deepseek,0.8374661207199097
276,Gemini,0.7454009056091309
277,stackoverflow,0.4772789478302002
277,chatgpt,0.9234915971755981
277,chatgpt2025,0.9749149084091187
277,deepseek,0.8156220018863678
277,Gemini,0.9995322227478027
278,stackoverflow,0.3766576945781708
278,chatgpt,0.8461751341819763
278,chatgpt2025,0.7619838118553162
278,deepseek,0.7683958411216736
278,Gemini,0.7628039717674255
279,stackoverflow,0.6068352460861206
279,chatgpt,0.5977763533592224
279,chatgpt2025,0.859035849571228
279,deepseek,0.7475978136062622
279,Gemini,0.7235877215862274
281,stackoverflow,0.9223827173312505
281,chatgpt,0.8627645373344421
281,chatgpt2025,0.9405148029327393
281,deepseek,0.9779270887374878
281,Gemini,0.6508821845054626
283,stackoverflow,
283,chatgpt,0.5845561027526855
283,chatgpt2025,0.37430262565612793
283,deepseek,0.6848111152648926
283,Gemini,0.7630570113658905
284,stackoverflow,0.7052066266536713
284,chatgpt,0.36791160702705383
284,chatgpt2025,0.3626398742198944
284,deepseek,0.376081258058548
284,Gemini,0.27467599511146545
285,stackoverflow,0.4810532331466675
285,chatgpt,0.21491225063800812
285,chatgpt2025,0.17774580419063568
285,deepseek,0.13206017017364502
285,Gemini,0.3202570974826813
286,stackoverflow,0.9659586191177368
286,chatgpt,0.8063016086816788
286,chatgpt2025,0.9414807558059692
286,deepseek,0.9268204718828201
286,Gemini,0.848424235979716
287,stackoverflow,0.8788913637399673
287,chatgpt,0.8886183500289917
287,chatgpt2025,0.8891609311103821
287,deepseek,0.8788127303123474
287,Gemini,0.8902280330657959
288,stackoverflow,0.3936918377876282
288,chatgpt,0.7813706994056702
288,chatgpt2025,0.810478925704956
288,deepseek,0.8656266331672668
288,Gemini,0.7588102562086922
290,stackoverflow,0.8442389011383057
290,chatgpt,0.7068944275379181
290,chatgpt2025,0.7571927507718405
290,deepseek,0.7358702719211578
290,Gemini,0.7483863979578018
291,stackoverflow,0.6130746006965637
291,chatgpt,0.8173836469650269
291,chatgpt2025,0.8268622756004333
291,deepseek,0.8180884718894958
291,Gemini,0.887098491191864
293,stackoverflow,0.8524110317230225
293,chatgpt,0.9198989868164062
293,chatgpt2025,0.9144888520240784
293,deepseek,0.933784008026123
293,Gemini,0.9144888520240784
294,stackoverflow,0.43148523569107056
294,chatgpt,0.6980993747711182
294,chatgpt2025,0.5304580330848694
294,deepseek,0.562311127781868
294,Gemini,0.23462548851966858
295,stackoverflow,0.6776442570345742
295,chatgpt,0.5400095582008362
295,chatgpt2025,0.5008711523065964
295,deepseek,0.6837880983948708
295,Gemini,0.6505076088011265
296,stackoverflow,0.6514419913291931
296,chatgpt,0.7931652069091797
296,chatgpt2025,0.4389202892780304
296,deepseek,0.3738000690937042
296,Gemini,0.8370837569236755
297,stackoverflow,0.8748835176229477
297,chatgpt,0.8368646621704101
297,chatgpt2025,0.8893263538678488
297,deepseek,0.7343029081821442
297,Gemini,0.8145327925682068
298,stackoverflow,0.36573803424835205
298,chatgpt,0.7800706028938293
298,chatgpt2025,0.6528461873531342
298,deepseek,0.8208847045898438
298,Gemini,0.8908887505531311
299,stackoverflow,0.7810537815093994
299,chatgpt,0.9654428958892822
299,chatgpt2025,0.9559558629989624
299,deepseek,0.9435627460479736
299,Gemini,0.9719835519790649
300,stackoverflow,0.8382910092671713
300,chatgpt,0.6270108819007874
300,chatgpt2025,0.876770481467247
300,deepseek,0.889102212020329
300,Gemini,0.9309417804082235
301,stackoverflow,0.7189309000968933
301,chatgpt,0.8040282130241394
301,chatgpt2025,0.836449146270752
301,deepseek,0.8508034348487854
301,Gemini,0.9306951761245728
302,stackoverflow,0.6137733459472656
302,chatgpt,0.3735719919204712
302,chatgpt2025,0.9141682982444763
302,deepseek,0.7706358432769775
302,Gemini,0.6987661361694336
303,stackoverflow,0.8529202739397684
303,chatgpt,0.8049319684505463
303,chatgpt2025,0.764568030834198
303,deepseek,0.9057061672210693
303,Gemini,0.7221144139766693
304,stackoverflow,0.4839884340763092
304,chatgpt,0.6110323071479797
304,chatgpt2025,0.7822083830833435
304,deepseek,0.7734212875366211
304,Gemini,0.5489659160375595
305,stackoverflow,0.46973684430122375
305,chatgpt,0.7013909220695496
305,chatgpt2025,0.8102420568466187
305,deepseek,0.7527746260166168
305,Gemini,0.5990484952926636
306,stackoverflow,0.2589499354362488
306,chatgpt,0.8409664705395699
306,chatgpt2025,0.9682537317276001
306,deepseek,0.6387685537338257
306,Gemini,0.9563621163368226
307,stackoverflow,0.7616316080093384
307,chatgpt,0.6901561915874481
307,chatgpt2025,0.8642194271087646
307,deepseek,0.6769653856754303
307,Gemini,0.47679799795150757
308,stackoverflow,0.8606955409049988
308,chatgpt,0.7147707343101501
308,chatgpt2025,0.7332570552825928
308,deepseek,0.6115695238113403
308,Gemini,0.827199399471283
309,stackoverflow,0.7448123693466187
309,chatgpt,0.5866711735725403
309,chatgpt2025,0.9428738951683044
309,deepseek,0.9617252349853516
309,Gemini,0.8099745512008667
310,stackoverflow,0.7353339791297913
310,chatgpt,0.7329804301261902
310,chatgpt2025,0.8525776267051697
310,deepseek,0.7816381454467773
310,Gemini,0.7655321955680847
311,stackoverflow,0.4599742591381073
311,chatgpt,0.6294472813606262
311,chatgpt2025,0.3834560215473175
311,deepseek,0.31050485372543335
311,Gemini,0.7709662914276123
312,stackoverflow,0.32779787480831146
312,chatgpt,0.6504486203193665
312,chatgpt2025,0.8114145398139954
312,deepseek,0.8231570720672607
312,Gemini,0.5735481828451157
313,stackoverflow,0.7961884140968323
313,chatgpt,0.6431962251663208
313,chatgpt2025,0.8495212197303772
313,deepseek,0.6919012069702148
313,Gemini,0.6226088404655457
314,stackoverflow,0.5424726717174053
314,chatgpt,0.7268867492675781
314,chatgpt2025,0.5925225019454956
314,deepseek,0.36526060104370117
314,Gemini,0.062466394156217575
316,stackoverflow,0.45849525928497314
316,chatgpt,0.9096341729164124
316,chatgpt2025,0.9513903856277466
316,deepseek,0.9566090106964111
316,Gemini,0.9260727763175964
317,stackoverflow,0.5372419953346252
317,chatgpt,0.47316649556159973
317,chatgpt2025,0.8051376938819885
317,deepseek,0.41484886407852173
317,Gemini,0.5279320180416107
318,stackoverflow,0.7342626452445984
318,chatgpt,0.6952987313270569
318,chatgpt2025,0.8167209029197693
318,deepseek,0.8737432360649109
318,Gemini,0.7726284265518188
319,stackoverflow,0.7578573226928711
319,chatgpt,0.36159268021583557
319,chatgpt2025,0.8887591361999512
319,deepseek,0.6637979745864868
319,Gemini,0.5981899499893188
320,stackoverflow,0.8140544295310974
320,chatgpt,0.5621031522750854
320,chatgpt2025,0.6720401644706726
320,deepseek,0.7911242246627808
320,Gemini,0.5981899499893188
321,stackoverflow,0.21618554019369185
321,chatgpt,0.27809593081474304
321,chatgpt2025,0.6674779057502747
321,deepseek,0.5054441690444946
321,Gemini,0.5105663537979126
323,stackoverflow,0.5904913544654846
323,chatgpt,0.6112552285194397
323,chatgpt2025,0.6726070642471313
323,deepseek,0.593856155872345
323,Gemini,0.25554630160331726
324,stackoverflow,0.6822644770145416
324,chatgpt,0.6231426894664764
324,chatgpt2025,0.7825873494148254
324,deepseek,0.7268080711364746
324,Gemini,0.3474380671977997
325,stackoverflow,0.7371353606383005
325,chatgpt,0.680515706539154
325,chatgpt2025,0.7207201719284058
325,deepseek,0.8414615392684937
325,Gemini,0.8714883327484131
326,stackoverflow,0.8780701756477356
326,chatgpt,0.8106407523155212
326,chatgpt2025,0.55972820520401
326,deepseek,0.8549401760101318
326,Gemini,0.8640967011451721
327,stackoverflow,0.04218956083059311
327,chatgpt,0.787855863571167
327,chatgpt2025,0.8972033858299255
327,deepseek,0.9604842662811279
327,Gemini,0.9583920240402222
328,stackoverflow,0.47414479156335193
328,chatgpt,0.7760961055755615
328,chatgpt2025,0.8036790788173676
328,deepseek,0.8172073165575663
328,Gemini,0.5376771688461304
329,stackoverflow,0.7646694704890251
329,chatgpt,0.7990522384643555
329,chatgpt2025,0.8165003061294556
329,deepseek,0.7214230895042419
329,Gemini,0.5997207760810852
330,stackoverflow,0.8097142577171326
330,chatgpt,0.8828144669532776
330,chatgpt2025,0.8286029994487762
330,deepseek,0.8944715857505798
330,Gemini,0.5778817379226288
331,stackoverflow,0.5500724911689758
331,chatgpt,0.6954411268234253
331,chatgpt2025,0.8431274890899658
331,deepseek,0.7255652546882629
331,Gemini,0.5152655839920044
333,stackoverflow,0.20318320393562317
333,chatgpt,0.806002140045166
333,chatgpt2025,0.8331006765365601
333,deepseek,0.8464529514312744
333,Gemini,0.8590535223484039
334,stackoverflow,0.8435588280359904
334,chatgpt,0.806441068649292
334,chatgpt2025,0.8343967944383621
334,deepseek,0.8215054273605347
334,Gemini,0.8154364923636118
335,stackoverflow,0.7576590776443481
335,chatgpt,0.7337400317192078
335,chatgpt2025,0.7657692432403564
335,deepseek,0.805419385433197
335,Gemini,0.5843377709388733
336,stackoverflow,0.7599965929985046
336,chatgpt,0.6449554562568665
336,chatgpt2025,0.6705816388130188
336,deepseek,0.5735759735107422
336,Gemini,0.5214216113090515
337,stackoverflow,0.5985019207000732
337,chatgpt,0.7511574625968933
337,chatgpt2025,0.8596629500389099
337,deepseek,0.7380197644233704
337,Gemini,0.695891797542572
338,stackoverflow,0.5489798784255981
338,chatgpt,0.33703741431236267
338,chatgpt2025,0.8111908435821533
338,deepseek,0.3022039830684662
338,Gemini,0.6287107467651367
339,stackoverflow,0.04529055580496788
339,chatgpt,0.7084519267082214
339,chatgpt2025,0.7651076316833496
339,deepseek,0.7601782977581024
339,Gemini,0.7439756095409393
340,stackoverflow,0.8057527542114258
340,chatgpt,0.6614955067634583
340,chatgpt2025,0.7529764771461487
340,deepseek,0.721221923828125
340,Gemini,0.6768107414245605
341,stackoverflow,0.8018520673116049
341,chatgpt,0.5921971201896667
341,chatgpt2025,0.8089131116867065
341,deepseek,0.4983424246311188
341,Gemini,0.7741895914077759
342,stackoverflow,0.7765515049298605
342,chatgpt,0.47858256101608276
342,chatgpt2025,0.5456364154815674
342,deepseek,0.32353001832962036
342,Gemini,0.19292420148849487
343,stackoverflow,0.8108042478561401
343,chatgpt,0.8107742071151733
343,chatgpt2025,0.8400794863700867
343,deepseek,0.7921172976493835
343,Gemini,0.7372970581054688
344,stackoverflow,0.5204979777336121
344,chatgpt,0.3521943986415863
344,chatgpt2025,0.42016977071762085
344,deepseek,0.8023799657821655
344,Gemini,0.7152153849601746
345,stackoverflow,0.827282190322876
345,chatgpt,0.8915082812309265
345,chatgpt2025,0.9047888517379761
345,deepseek,0.9118329882621765
345,Gemini,0.8934201598167419
346,stackoverflow,0.6008641719818115
346,chatgpt,0.791535496711731
346,chatgpt2025,0.8852517604827881
346,deepseek,0.904293417930603
346,Gemini,0.8103111982345581
347,stackoverflow,0.5716974139213562
347,chatgpt,0.5863274335861206
347,chatgpt2025,0.6983715295791626
347,deepseek,0.79208904504776
347,Gemini,0.7663881182670593
348,stackoverflow,0.5767909586429596
348,chatgpt,0.4058023989200592
348,chatgpt2025,0.47988274693489075
348,deepseek,0.561713457107544
348,Gemini,0.6021951933701833
349,stackoverflow,0.8167115151882172
349,chatgpt,0.9089821577072144
349,chatgpt2025,0.9240617156028748
349,deepseek,0.9066488742828369
349,Gemini,0.43788501620292664
350,stackoverflow,0.903349757194519
350,chatgpt,0.9486002922058105
350,chatgpt2025,0.9774022102355957
350,deepseek,0.9820231795310974
350,Gemini,0.9369023442268372
351,stackoverflow,0.584749162197113
351,chatgpt,0.5250568389892578
351,chatgpt2025,0.5984340906143188
351,deepseek,0.6199091076850891
351,Gemini,0.681277334690094
352,stackoverflow,0.37671351432800293
352,chatgpt,0.7530965308348337
352,chatgpt2025,0.6601795554161072
352,deepseek,0.5548436045646667
352,Gemini,0.802174707253774
353,stackoverflow,0.4365396797657013
353,chatgpt,0.8949622511863708
353,chatgpt2025,0.6964316368103027
353,deepseek,0.7433754205703735
353,Gemini,0.7136532068252563
354,stackoverflow,0.6352115869522095
354,chatgpt,0.7746281623840332
354,chatgpt2025,0.6855006217956543
354,deepseek,0.648542046546936
354,Gemini,0.35754016041755676
355,stackoverflow,0.9035301804542542
355,chatgpt,0.8319113254547119
355,chatgpt2025,0.8239383101463318
355,deepseek,0.9135412573814392
355,Gemini,0.893990695476532
356,stackoverflow,0.5668899714946747
356,chatgpt,0.9176595608393351
356,chatgpt2025,0.8276642262935638
356,deepseek,0.6434804201126099
356,Gemini,0.7151593565940857
357,stackoverflow,0.8530409336090088
357,chatgpt,0.669511079788208
357,chatgpt2025,0.6369215548038483
357,deepseek,0.8252285122871399
357,Gemini,0.6455337405204773
